Frequency (Hz),Channel 1 Magnitude (dB),Channel 1 Phase (deg);;
100,-25.00937385562494,-152.9038071043789;;
111.95,-24.47893884220711,-159.1691523353772;;
123.9,-24.03719827956981,-164.8032035313207;;
135.85,-23.71865433912916,-170.1913248703332;;
147.8,-23.44961053476475,-175.4575090338257;;
159.75,-23.23016261600018,179.5877561405799;;
171.7,-23.06382473817983,174.8611316123035;;
183.65,-22.8996583236989,170.3154493320862;;
195.6,-22.81899398246962,165.8466025840855;;
207.55,-22.72251762376787,161.6644429850078;;
219.5,-22.58935810615207,157.4506437624561;;
231.45,-22.5641019164784,153.3712182348627;;
243.4,-22.48581666432916,149.4678593130097;;
255.35,-22.44436898448855,145.7105458162468;;
267.3,-22.41903491780617,141.8948271725631;;
279.25,-22.3938373501039,138.361756918213;;
291.2,-22.38174239644946,134.6398449892521;;
303.15,-22.35553668308867,131.0267982521682;;
315.1,-22.3684872520889,127.5739407246833;;
327.05,-22.36561260164854,124.0255633708886;;
339,-22.36292374130223,120.7303723314029;;
350.95,-22.39180663753708,117.3723210553298;;
362.9,-22.38773345369938,113.968595124429;;
374.85,-22.42484073514765,110.7462638865138;;
386.8,-22.42877216066944,107.4103248844909;;
398.75,-22.46714403796592,104.2084314449292;;
410.7,-22.49545993841497,100.9501745375694;;
422.65,-22.52299071283721,97.80794523620335;;
434.6,-22.55538207081693,94.53220276125003;;
446.55,-22.59263978922022,91.51418460085286;;
458.5,-22.64035932671522,88.27007688452802;;
470.45,-22.67875986111464,85.18655513286956;;
482.4,-22.72027943105484,82.02998654147711;;
494.35,-22.75909451969546,78.99976593193209;;
506.3,-22.81086227413832,75.95008996438493;;
518.25,-22.87697627995477,72.91026793374181;;
530.2,-22.92261311019744,69.77234837447472;;
542.15,-22.97684761282353,66.67168219963423;;
554.1,-23.05073233868722,63.80010459224223;;
566.05,-23.09670752440954,60.72211756715171;;
578,-23.17618619027709,57.77224803384411;;
589.95,-23.24246491199232,54.7374629711751;;
601.9,-23.3147008840139,51.70972985402778;;
613.85,-23.37501909799418,48.76564536713997;;
625.8,-23.46545561981319,45.72118793468002;;
637.75,-23.52253073764709,42.81318158953354;;
649.7,-23.60719568955649,39.77630279234717;;
661.65,-23.67644004478423,36.86749275116614;;
673.6,-23.77448489644028,33.87927901478459;;
685.55,-23.86289321634896,30.89821320581112;;
697.5,-23.93314951882468,28.00338736296425;;
709.45,-24.03928037462874,25.04802514469691;;
721.4,-24.13013797268185,22.12456992825328;;
733.35,-24.2258961960698,19.27668014363296;;
745.3,-24.31534742485992,16.2175027708364;;
757.25,-24.42168360493918,13.22963310441509;;
769.2,-24.52752337097131,10.39475293031471;;
781.15,-24.62356643555816,7.536273590145043;;
793.1,-24.76239560046108,4.672342760682909;;
805.05,-24.86263367082433,1.706481272628523;;
817,-24.9655960735336,-1.340853237347261;;
828.95,-25.09654393153605,-4.03387534926696;;
840.9,-25.20620257590886,-7.035397099090517;;
852.85,-25.31993813794649,-9.91198473558633;;
864.8,-25.4525760556432,-12.7945782469812;;
876.75,-25.59758574882491,-15.60909749200079;;
888.7,-25.71605464810482,-18.61659127959899;;
900.65,-25.86807257541608,-21.51078866975817;;
912.6,-26.02358651390239,-24.47318989354025;;
924.55,-26.16317423439746,-27.31005985630998;;
936.5,-26.33079580516209,-30.06838914546624;;
948.45,-26.4682131934427,-33.11131537251775;;
960.4,-26.62552625078702,-35.88876891771567;;
972.35,-26.80284332169066,-38.86953123511231;;
984.3,-26.95268546057479,-41.71217830760515;;
996.25,-27.14391448101212,-44.66459157097312;;
1008.2,-27.31516952614581,-47.52517814341729;;
1020.15,-27.49322015917144,-50.46762225540945;;
1032.1,-27.67129753926148,-53.3172062583842;;
1044.05,-27.89116407115677,-56.26282617637438;;
1056,-28.08106219561558,-59.11939621602028;;
1067.95,-28.27375104018774,-62.21318639493862;;
1079.9,-28.48443924835398,-65.12062803077743;;
1091.85,-28.75533681937787,-67.94937538480997;;
1103.8,-28.95265084371963,-70.9121976099745;;
1115.75,-29.19517860207406,-74.01594176238825;;
1127.7,-29.43324212907298,-76.91276870636005;;
1139.65,-29.68546745270556,-79.65360965931164;;
1151.6,-29.9327212814922,-82.66374831900542;;
1163.55,-30.19720562865808,-85.58272452537372;;
1175.5,-30.47119940271797,-88.48440705812574;;
1187.45,-30.77307912374993,-91.50997469760262;;
1199.4,-31.06368322060741,-94.52145063428537;;
1211.35,-31.36030702918201,-97.52742292898563;;
1223.3,-31.72440696508922,-100.3098611849484;;
1235.25,-32.03111166229977,-103.604555809362;;
1247.2,-32.41163044908701,-106.5157921826397;;
1259.15,-32.77275290351176,-109.5694924729977;;
1271.1,-33.12860949384378,-112.6067722544482;;
1283.05,-33.53644387551797,-116.1685911954892;;
1295,-33.97310633376015,-118.6985216722556;;
1306.95,-34.42914631240519,-121.9020370344963;;
1318.9,-34.96118544859718,-125.8975500611373;;
1330.85,-35.38441188599163,-128.7040772042648;;
1342.8,-35.93341299545308,-131.7473885649258;;
1354.75,-36.55730783635585,-135.5844593290162;;
1366.7,-37.16096669183172,-138.8171299200996;;
1378.65,-37.80892874611724,-142.4986721540141;;
1390.6,-38.49993117493546,-146.0787029727424;;
1402.55,-39.36557057367377,-150.2068958459982;;
1414.5,-40.03355089731231,-154.4735299380222;;
1426.45,-41.05437777148823,-158.4978712752514;;
1438.4,-42.04909959810568,-163.6602057376029;;
1450.35,-43.1426315676769,-169.4668786132303;;
1462.3,-44.58531894177025,-174.8789721867753;;
1474.25,-46.12601788917831,176.8967994360775;;
1486.2,-47.81393708439733,165.7405025723268;;
1498.15,-49.54057677378064,153.7832619199555;;
1510.1,-51.02097959797633,135.9848954662154;;
1522.05,-51.89465273711968,110.1164761606807;;
1534,-52.13499813375833,84.96526417792052;;
1545.95,-49.93346594337679,62.09810859423169;;
1557.9,-48.22230103027023,47.36511425713395;;
1569.85,-46.7219433707848,35.81475660930664;;
1581.8,-45.19713401734564,27.28181968024819;;
1593.75,-43.74255672930813,20.45141352659219;;
1605.7,-42.59239784633694,15.35183541324738;;
1617.65,-41.42745396875497,9.559875045498117;;
1629.6,-40.51402023305777,4.719336422633233;;
1641.55,-39.62665417488515,0.6537987234682845;;
1653.5,-38.87303166130854,-3.44398631844777;;
1665.45,-38.05734761736191,-7.637621279425048;;
1677.4,-37.41154373340737,-11.54435170811372;;
1689.35,-36.8703020899888,-14.39391745654712;;
1701.3,-36.1648150586513,-17.46632089268487;;
1713.25,-35.62524912142152,-20.93443173276887;;
1725.2,-35.08455022665106,-24.17223791649559;;
1737.15,-34.68665146894526,-27.44022290680299;;
1749.1,-34.24415371705386,-30.85265126745264;;
1761.05,-33.78691287913443,-33.83982652118559;;
1773,-33.41965477259295,-37.05240421397309;;
1784.95,-33.00136409513302,-39.97419903951763;;
1796.9,-32.67738319292503,-43.36099932667977;;
1808.85,-32.2609319892731,-46.27725459049151;;
1820.8,-31.93837989558404,-49.36355054836315;;
1832.75,-31.58952285858338,-52.11920866338141;;
1844.7,-31.24511320711295,-55.15711576683932;;
1856.65,-30.97835194959189,-57.96630626958697;;
1868.6,-30.64975110662077,-61.20400578989343;;
1880.55,-30.3841698520551,-64.23216241621178;;
1892.5,-30.0970932314547,-67.12685740833778;;
1904.45,-29.79771530037178,-69.93625251766665;;
1916.4,-29.58450720164728,-72.73936318883426;;
1928.35,-29.35111517889609,-75.59084033893373;;
1940.3,-29.16320839117718,-78.76537059163775;;
1952.25,-28.90370954474024,-81.53332021550226;;
1964.2,-28.65470695083363,-84.63382600795565;;
1976.15,-28.49556660904528,-87.34479550117608;;
1988.1,-28.2882517676634,-90.07510763175875;;
2000.05,-28.07194139127238,-92.92822491956247;;
2012,-27.88520499547044,-95.94065168350069;;
2023.95,-27.6206623196377,-98.7451807845832;;
2035.9,-27.46800781433983,-101.618705298665;;
2047.85,-27.32243199847977,-104.2821490686637;;
2059.8,-27.10466004718645,-107.2885158721694;;
2071.75,-26.93835688874906,-110.1102269352377;;
2083.7,-26.78185344851805,-112.7962396827456;;
2095.65,-26.63390372725681,-115.8570384497822;;
2107.6,-26.46125693142896,-118.5942108325016;;
2119.55,-26.31253531227803,-121.325501675575;;
2131.5,-26.16667936459933,-124.3707088691447;;
2143.45,-26.0530801361813,-126.9466206027905;;
2155.4,-25.89553632462408,-129.9619247679284;;
2167.35,-25.72644003705212,-132.7156170800571;;
2179.3,-25.64049974121364,-135.6384771088087;;
2191.25,-25.48697461277637,-138.3648152674272;;
2203.2,-25.36574901065867,-141.1739338997619;;
2215.15,-25.20157484352368,-143.940242886127;;
2227.1,-25.11247469658369,-146.8773859186423;;
2239.05,-24.98925905341004,-149.4915574860412;;
2251,-24.86891907534091,-152.192374782671;;
2262.95,-24.75990816081994,-155.2593276702765;;
2274.9,-24.66361559613962,-158.1070572167401;;
2286.85,-24.56503305918849,-160.8310561555137;;
2298.8,-24.44814315949652,-163.6731546509561;;
2310.75,-24.35151475070554,-166.447128237663;;
2322.7,-24.26793897379007,-169.21606512838;;
2334.65,-24.16361390310507,-172.1610874341798;;
2346.6,-24.0914751856247,-174.998888779429;;
2358.55,-23.94845325347294,-177.5678882035263;;
2370.5,-23.88241384210328,179.5459197329912;;
2382.45,-23.78946050832106,176.7031971256496;;
2394.4,-23.71483555586074,174.1267996437571;;
2406.35,-23.62189267046196,171.2057794249509;;
2418.3,-23.53729680868409,168.3981375642647;;
2430.25,-23.46820164092818,165.619063761825;;
2442.2,-23.40515330055999,162.8854442892496;;
2454.15,-23.30591375969183,160.0101495758685;;
2466.1,-23.23443297411851,157.2337354255272;;
2478.05,-23.17438409973854,154.4374965897983;;
2490,-23.11620878862326,151.6371503923039;;
2501.95,-23.03259945320427,148.8219089009551;;
2513.9,-22.9355641685693,146.1298277132015;;
2525.85,-22.87696252005957,143.2394732519206;;
2537.8,-22.82021770100203,140.4278742091517;;
2549.75,-22.7680480494377,137.6338935057161;;
2561.7,-22.7282804478144,134.8925473656188;;
2573.65,-22.65975017120255,132.1868275986526;;
2585.6,-22.62297648156468,129.2965828637421;;
2597.55,-22.54121821688884,126.5060019171861;;
2609.5,-22.50907997705443,123.7428588330679;;
2621.45,-22.4367614764425,120.9217300742442;;
2633.4,-22.39830069055381,118.0945951813083;;
2645.35,-22.35499597640693,115.2998581208982;;
2657.3,-22.33425308208513,112.6858889947272;;
2669.25,-22.26461143484586,109.9140412395849;;
2681.2,-22.24672393387247,107.0365997420016;;
2693.15,-22.2150470287197,104.2650078433717;;
2705.1,-22.15975734643209,101.5407162997241;;
2717.05,-22.11403747865406,98.74194077647297;;
2729,-22.09444016451782,95.92024782841881;;
2740.95,-22.04034748101208,93.14134267127929;;
2752.9,-22.04151268841198,90.553227380151;;
2764.85,-22.00397483148794,87.63014669734446;;
2776.8,-21.945955925151,84.79516738334314;;
2788.75,-21.92792474814206,81.98206222453018;;
2800.7,-21.90798142128578,79.15487982981935;;
2812.65,-21.87796750540967,76.50071487624533;;
2824.6,-21.87585934029318,73.66801561116259;;
2836.55,-21.80902290174039,71.07760808024116;;
2848.5,-21.81694178474368,67.91812395630647;;
2860.45,-21.78546572208869,65.51636961638218;;
2872.4,-21.79270517213903,62.70554896525222;;
2884.35,-21.74631244947605,59.87264730331532;;
2896.3,-21.73409324125287,56.9939514141704;;
2908.25,-21.72056334949245,54.37000361542178;;
2920.2,-21.71841371815885,51.51412793657502;;
2932.15,-21.71186340470393,48.46680880034972;;
2944.1,-21.70843223823667,46.15887389582267;;
2956.05,-21.69643946258685,43.11470654298198;;
2968,-21.69837885671877,40.41784782155166;;
2979.95,-21.68853328536318,37.63121292875832;;
2991.9,-21.65013015814266,34.87132161239938;;
3003.85,-21.67583615763162,32.18680771362823;;
3015.8,-21.68731371616085,29.33533415386408;;
3027.75,-21.68213477300957,26.72493841916656;;
3039.7,-21.66661516714363,23.60960370673197;;
3051.65,-21.69348073225557,21.03705530078292;;
3063.6,-21.66612241056918,18.23281970807034;;
3075.55,-21.66418909607497,15.49153313200657;;
3087.5,-21.68989007038434,12.90629973903566;;
3099.45,-21.70424795510047,9.82189896493616;;
3111.4,-21.69981759720915,7.28554393656858;;
3123.35,-21.72129801806636,4.474178458810258;;
3135.3,-21.73456251846572,1.676240607824532;;
3147.25,-21.75791931062704,-1.21751750052578;;
3159.2,-21.76468610731301,-3.862092967354343;;
3171.15,-21.79053383436464,-6.70837478140519;;
3183.1,-21.81669313924545,-9.500509261477077;;
3195.05,-21.81301171389633,-12.28133737947833;;
3207,-21.83186585812473,-14.92754518145944;;
3218.95,-21.85197821461399,-17.86093054480875;;
3230.9,-21.90143592183674,-20.46614090155148;;
3242.85,-21.94206552190223,-23.34117488667741;;
3254.8,-21.93438512688461,-26.04662878234001;;
3266.75,-21.96973476571848,-28.85921178874032;;
3278.7,-22.00759603137859,-31.66518496997071;;
3290.65,-22.03769343445033,-34.3680905148632;;
3302.6,-22.08105686247081,-37.08242489612621;;
3314.55,-22.07088278128338,-39.85322169261343;;
3326.5,-22.1566246414801,-42.72962945163526;;
3338.45,-22.15870999459958,-45.44509952580893;;
3350.4,-22.21539107509201,-48.20967172748318;;
3362.35,-22.25936914387269,-50.89395858961214;;
3374.3,-22.3045692558422,-53.7779040167419;;
3386.25,-22.34391265820836,-56.68507026080512;;
3398.2,-22.40082811441316,-59.38353828193351;;
3410.15,-22.46352428903506,-62.11555254105714;;
3422.1,-22.52413711786411,-65.03646035677548;;
3434.05,-22.53199157068992,-67.73756569905514;;
3446,-22.6114079789593,-70.48160866106892;;
3457.95,-22.6484450149815,-73.18082502962767;;
3469.9,-22.69907196475734,-76.13733115626303;;
3481.85,-22.75548584946176,-78.70453689082136;;
3493.8,-22.8128430986209,-81.60587081849685;;
3505.75,-22.90182777012732,-84.43159204149066;;
3517.7,-22.96037301941891,-87.11559854749737;;
3529.65,-23.04580587827965,-89.83486376957427;;
3541.6,-23.09274591839561,-92.53485702342232;;
3553.55,-23.14927204107916,-95.51810345315999;;
3565.5,-23.24210139691199,-98.2347196373259;;
3577.45,-23.31809471819203,-101.0466541695193;;
3589.4,-23.36113045775859,-103.6527126044751;;
3601.35,-23.47464232842711,-106.3143686173547;;
3613.3,-23.52481517779547,-109.3543302124413;;
3625.25,-23.63289199502829,-112.0276478267725;;
3637.2,-23.72591019680913,-114.875737944624;;
3649.15,-23.80642943105113,-117.597040654012;;
3661.1,-23.88942821041649,-120.2774052587875;;
3673.05,-23.98307421443432,-123.3222355750342;;
3685,-24.07571073049379,-125.861582044962;;
3696.95,-24.16272032312757,-128.6843224830398;;
3708.9,-24.25076549325897,-131.5413453121831;;
3720.85,-24.3978021963943,-134.0272317859873;;
3732.8,-24.50277535838454,-136.8329085531987;;
3744.75,-24.61732355730718,-139.7906306774125;;
3756.7,-24.69869016028032,-142.6370019122764;;
3768.65,-24.85604461627513,-145.4028889821271;;
3780.6,-24.92127223874463,-147.9140676309896;;
3792.55,-25.04095859719638,-150.7552991599784;;
3804.5,-25.21653144015632,-153.7775696131354;;
3816.45,-25.32062183043625,-156.2888355752293;;
3828.4,-25.41042048307607,-159.3814941207528;;
3840.35,-25.56799739897084,-161.8995734414543;;
3852.3,-25.70303593888336,-165.1859021141594;;
3864.25,-25.84237636779504,-167.641799349801;;
3876.2,-25.99632583288686,-170.1901144101467;;
3888.15,-26.13069744395627,-173.3111674403551;;
3900.1,-26.28412552731678,-176.1164859934035;;
3912.05,-26.4618658800894,-178.6863651384979;;
3924,-26.635168592082,178.5894902185823;;
3935.95,-26.79696080933444,175.7502798306313;;
3947.9,-26.95695971447134,173.4755378312671;;
3959.85,-27.09182216017787,170.1774356193332;;
3971.8,-27.23979893613652,167.4101375729817;;
3983.75,-27.52633952057144,164.3607378236782;;
3995.7,-27.67304529950688,161.8589709725198;;
4007.65,-27.87457738504822,159.2533857129283;;
4019.6,-28.09325966819192,156.4638416260149;;
4031.55,-28.39075078608739,153.0289761413179;;
4043.5,-28.56099840682136,150.0856361761429;;
4055.45,-28.80035778090375,147.9850724421003;;
4067.4,-28.98587745966731,145.143093912369;;
4079.35,-29.23220086065509,142.7493700772238;;
4091.3,-29.5352950731068,138.9696247843967;;
4103.25,-29.80127059122038,136.8213386961491;;
4115.2,-29.96284662677653,133.5703401485482;;
4127.15,-30.26990067912202,130.8781660123181;;
4139.1,-30.57564455569057,127.8134269567412;;
4151.05,-30.95376372067719,125.1857176952457;;
4163,-31.14689905438261,121.8161331314208;;
4174.95,-31.53310217392144,119.8352359815059;;
4186.9,-31.86434808386452,116.1049400330487;;
4198.85,-32.30680221964018,113.9873527160443;;
4210.8,-32.61985330944092,110.7197161915713;;
4222.75,-33.12813788046911,107.4606333265878;;
4234.7,-33.51357128929782,104.9470427518495;;
4246.65,-33.84778847722381,102.3151649673396;;
4258.6,-34.45769166730437,99.01292340789206;;
4270.55,-34.865987703467,95.52156925806565;;
4282.5,-35.38654598434711,93.33141691105902;;
4294.45,-35.92839650406923,90.75934676850989;;
4306.4,-36.68135796374109,86.39633651058213;;
4318.35,-37.31245709789781,83.69330507571223;;
4330.3,-37.96154465761602,82.44953275675709;;
4342.25,-38.77288710904065,76.14295169620189;;
4354.2,-39.58545565308902,73.64673200942251;;
4366.15,-40.58733348519745,70.11478844806641;;
4378.1,-41.35732299369215,68.25528913263842;;
4390.05,-42.76815429123855,63.48799690713199;;
4402,-44.00247905014296,55.97024619053997;;
4413.95,-46.37703432506726,53.41226874252937;;
4425.9,-47.89886309561099,48.2487581281822;;
4437.85,-50.69446658401194,43.29300039051284;;
4449.8,-55.19308527001212,14.08476560324245;;
4461.75,-56.73885615606086,-14.03996678701677;;
4473.7,-57.02791455277734,-69.8986100199056;;
4485.65,-54.07440832808589,-97.45134097185921;;
4497.6,-49.89587673058439,-111.1876154129405;;
4509.55,-46.95870834726642,-121.597985749857;;
4521.5,-45.77723601740415,-125.2307963454564;;
4533.45,-43.8300275860888,-129.1923972301898;;
4545.4,-42.3296893211046,-134.3882349418419;;
4557.35,-41.20811484440939,-139.4087471977686;;
4569.3,-40.31034607657527,-142.3546835470479;;
4581.25,-39.315760316211,-145.3569410392746;;
4593.2,-38.61016182174347,-147.9841220295928;;
4605.15,-37.8756589055902,-153.2849724134598;;
4617.1,-37.02137184071086,-154.8876368641152;;
4629.05,-36.35683274602439,-158.591020364106;;
4641,-35.79581725723843,-161.8164792823223;;
4652.95,-35.12558133421676,-164.4759058654;;
4664.9,-34.75395662972054,-167.6949716493244;;
4676.85,-33.99655545687648,-171.287577095455;;
4688.8,-33.63283365082224,-173.7493166491934;;
4700.75,-33.32199401849557,-176.3961515040577;;
4712.7,-32.76202776138101,-179.2588681401332;;
4724.65,-32.37892919091465,177.694651456285;;
4736.6,-31.92020515561479,175.291654648395;;
4748.55,-31.46552139956444,172.0667277781851;;
4760.5,-31.23503850976605,169.8363795813066;;
4772.45,-30.86260373876412,166.3764919520557;;
4784.4,-30.50879260659675,163.9679751622265;;
4796.35,-30.26013128436903,160.7713944085446;;
4808.3,-29.98285842778431,157.9916808115237;;
4820.25,-29.65151011282071,155.3461252848643;;
4832.2,-29.40517376140127,152.5452074925333;;
4844.15,-29.10993347901845,149.3243387210314;;
4856.1,-28.83091895646125,146.4014905306673;;
4868.05,-28.60600543053476,144.3076417206963;;
4880,-28.35897940718631,141.5259242729395;;
4891.95,-28.17255949420397,138.0431229335177;;
4903.9,-27.94975576013961,135.6607463218869;;
4915.85,-27.63696280852025,132.9972067695878;;
4927.8,-27.46679423938441,130.063132888392;;
4939.75,-27.29593693971589,126.7476800116465;;
4951.7,-26.99733670654975,124.0015611651028;;
4963.65,-26.83156570369384,121.32516896882;;
4975.6,-26.65547513824466,118.6646259342969;;
4987.55,-26.50124282632637,115.7893075077979;;
4999.5,-26.33785273372737,113.1905046348814;;
5011.45,-26.14466147707112,110.2371122132926;;
5023.4,-26.00942712945421,107.5753594680306;;
5035.35,-25.81175864027831,105.1875686406386;;
5047.3,-25.68670115874996,101.7799885458542;;
5059.25,-25.50378985534757,99.33025520078604;;
5071.2,-25.38943806250626,96.31158944283334;;
5083.15,-25.23716646754091,93.74248329310502;;
5095.1,-25.02695218556933,91.13329117256504;;
5107.05,-24.96470692624063,88.13152065691251;;
5119,-24.75578407419307,85.55325141585956;;
5130.95,-24.69444310659902,82.47217442085424;;
5142.9,-24.52184153159295,80.09529731921984;;
5154.85,-24.38455210113524,77.28976903713112;;
5166.8,-24.27385541464458,74.5264309331459;;
5178.75,-24.17461974142115,71.77158415953647;;
5190.7,-24.08690687778421,68.83996516963794;;
5202.65,-23.94422449790484,66.37370697035811;;
5214.6,-23.82032212680491,63.5676845037724;;
5226.55,-23.73098014595797,60.5355941994676;;
5238.5,-23.56689801318778,57.82472900191067;;
5250.45,-23.52243188396633,55.32766717147471;;
5262.4,-23.39568393175228,52.29905191916708;;
5274.35,-23.31395001001336,49.52061799985718;;
5286.3,-23.26725032359033,46.75424536616958;;
5298.25,-23.16777497920914,44.22837144801908;;
5310.2,-23.07898779833201,40.9525812637974;;
5322.15,-22.95871485166899,38.64591348612511;;
5334.1,-22.86421523304948,35.68752818695779;;
5346.05,-22.82833288004976,32.8081752159966;;
5358,-22.72572354122314,30.21313497237597;;
5369.95,-22.66731451904804,27.20061001557271;;
5381.9,-22.608188255155,24.774698887751;;
5393.85,-22.57903715639891,21.84084853375747;;
5405.8,-22.45324538849486,18.90340596702396;;
5417.75,-22.39358354149438,16.35313300867335;;
5429.7,-22.28900575359198,13.55135952766045;;
5441.65,-22.24376264016105,10.75889042387075;;
5453.6,-22.22846584628401,8.438214917605819;;
5465.55,-22.1340192848189,5.382589168413773;;
5477.5,-22.09582965443486,2.506367938975714;;
5489.45,-22.05141794553041,-0.3614712395843647;;
5501.4,-21.97477341694531,-3.012094252942006;;
5513.35,-21.92940706350891,-5.530142055387685;;
5525.3,-21.89359062543852,-8.542544245303379;;
5537.25,-21.82109214447886,-11.27549168886429;;
5549.2,-21.81416508193552,-13.80585016876874;;
5561.15,-21.77537135580677,-16.67966814890863;;
5573.1,-21.73898623421239,-19.46142761717078;;
5585.05,-21.67450098833828,-22.24840247024446;;
5597,-21.70398254014362,-25.1150676501657;;
5608.95,-21.66999109475947,-27.58513902251167;;
5620.9,-21.62883090085193,-30.61262939064353;;
5632.85,-21.592318280097,-33.31225330245011;;
5644.8,-21.59351981549386,-36.18132831906691;;
5656.75,-21.53546716169949,-38.6675904402066;;
5668.7,-21.50374606543899,-41.55509059497055;;
5680.65,-21.49250615488193,-44.35651448210263;;
5692.6,-21.51747161838066,-47.07788704211309;;
5704.55,-21.47133180046697,-49.91049370421808;;
5716.5,-21.42891871641929,-52.58584953650167;;
5728.45,-21.45894155918223,-55.20505821881788;;
5740.4,-21.44688001260246,-58.26211779025473;;
5752.35,-21.44677323874841,-61.15032704640139;;
5764.3,-21.41459215629155,-63.38788525424086;;
5776.25,-21.43418429086765,-66.41541829365818;;
5788.2,-21.45503143360923,-68.94182079449004;;
5800.15,-21.38532837738802,-71.76242317226456;;
5812.1,-21.42507409255146,-74.82774226234983;;
5824.05,-21.4273238941025,-77.21342105627383;;
5836,-21.44411507343866,-80.28780772165402;;
5847.95,-21.46093048041116,-82.99167416530724;;
5859.9,-21.47832044943563,-85.8742012219314;;
5871.85,-21.49335916756556,-88.57404442106031;;
5883.8,-21.48761243753885,-91.00644529675064;;
5895.75,-21.54848465137343,-94.05735293958165;;
5907.7,-21.54969062320978,-96.70148504924802;;
5919.65,-21.5549918037505,-99.54246568236057;;
5931.6,-21.5945125617173,-102.0493182227464;;
5943.55,-21.65461940120256,-104.8876349995802;;
5955.5,-21.6583780734801,-107.6433908671493;;
5967.45,-21.72487682936657,-110.487637310157;;
5979.4,-21.74694083769995,-113.1780363553783;;
5991.35,-21.75605564517129,-116.0684043873418;;
6003.3,-21.82836664485737,-118.5717281412717;;
6015.25,-21.88383379428694,-121.4658748784711;;
6027.2,-21.94718162567243,-124.0947994624816;;
6039.15,-21.93458498847993,-127.3080327907682;;
6051.1,-22.00953125163823,-129.656875024336;;
6063.05,-22.09913384543233,-132.13078874047;;
6075,-22.1627159649005,-135.3526045707661;;
6086.95,-22.24047303899147,-138.0350288675836;;
6098.9,-22.26344584614636,-140.723599796573;;
6110.85,-22.33730780083933,-143.4799196856654;;
6122.8,-22.44648729975339,-146.4671976027967;;
6134.75,-22.52869226249103,-149.2635019860601;;
6146.7,-22.5490369392034,-152.1025818416856;;
6158.65,-22.63919461604707,-154.6480368662761;;
6170.6,-22.70784160299122,-157.4196845238486;;
6182.55,-22.85841423483343,-160.1236269918478;;
6194.5,-22.94489449132081,-163.0456481112926;;
6206.45,-23.05111247253392,-166.0066902856878;;
6218.4,-23.15614966691889,-168.5774766244094;;
6230.35,-23.21562563393357,-171.0839288885465;;
6242.3,-23.35814431395334,-174.1327078184789;;
6254.25,-23.45006318685789,-176.6483283845899;;
6266.2,-23.58076384199419,-179.6156969552692;;
6278.15,-23.74714884412704,177.70166089091;;
6290.1,-23.89601488418557,175.2755333587;;
6302.05,-23.96010828052761,172.25713026685;;
6314,-24.10808595797559,169.2623060128551;;
6325.95,-24.23068451780095,166.3556919619918;;
6337.9,-24.3999210918306,163.9718545375218;;
6349.85,-24.60444265681261,160.8758762517467;;
6361.8,-24.80254040612314,158.3404848131398;;
6373.75,-24.92211274279216,155.6266347289169;;
6385.7,-25.17850122591312,152.7363161353684;;
6397.65,-25.36943156141583,149.9518342840551;;
6409.6,-25.51867780355201,147.0892580487726;;
6421.55,-25.7675396606361,144.6160203346358;;
6433.5,-25.98675819624914,141.803613551989;;
6445.45,-26.21057699629978,138.2560125641587;;
6457.4,-26.49914903757049,135.9754779558101;;
6469.35,-26.74926192386066,132.6440515709552;;
6481.3,-26.97349336666172,130.8016108610607;;
6493.25,-27.3427851082247,127.4932200840101;;
6505.2,-27.51967509581565,124.9108209414305;;
6517.15,-27.92436509926516,122.2634010567607;;
6529.1,-28.20510488661144,119.3903831126793;;
6541.05,-28.5820037298501,115.9827133691957;;
6553,-28.93735401581412,113.7371186594681;;
6564.95,-29.30326630702996,110.3745925761307;;
6576.9,-29.67470156986593,107.2959064699158;;
6588.85,-30.26616046631051,105.2915336416476;;
6600.8,-30.67639846300811,102.0955403767663;;
6612.75,-31.35985971838236,99.38505240750696;;
6624.7,-31.91034039508954,94.63206870253066;;
6636.65,-32.40292890347541,92.2439979767112;;
6648.6,-33.11264755668722,89.40973580526622;;
6660.55,-33.80110672927294,86.77647435497646;;
6672.5,-34.77427006932206,83.14775114020608;;
6684.45,-35.65571008519778,80.27565970382726;;
6696.4,-36.64232474547989,76.84379575194855;;
6708.35,-37.81749748781598,72.33866719176579;;
6720.3,-38.81072589186533,70.7478598592387;;
6732.25,-40.90598407308561,65.10023052722477;;
6744.2,-43.11351030524627,62.68429706375774;;
6756.15,-45.29081909330614,48.68432169989333;;
6768.1,-49.59125510729419,38.3360654620363;;
6780.05,-54.02102099188447,16.60635979089728;;
6792,-52.74334004485102,-60.72917891522229;;
6803.95,-49.55905707043443,-96.48675492887634;;
6815.9,-45.72478404871809,-106.6856925827473;;
6827.85,-42.24861997029615,-115.3498858788002;;
6839.8,-40.21994505294323,-121.7418439506486;;
6851.75,-38.43849695453036,-126.8806232444034;;
6863.7,-37.08579089582526,-129.6987804796129;;
6875.65,-36.14134288666467,-132.3156675844374;;
6887.6,-34.6733769278128,-136.6645877083635;;
6899.55,-33.77077910224955,-139.9977345678776;;
6911.5,-32.6705805971455,-143.2039419548232;;
6923.45,-31.77858051527785,-146.2983742405776;;
6935.4,-31.14434903470631,-149.0888573267286;;
6947.35,-30.35986341003412,-151.9026832057703;;
6959.3,-29.63598425128687,-154.9651814350535;;
6971.25,-29.00146153178099,-157.9849209051677;;
6983.2,-28.47363165752068,-160.3155947844456;;
6995.15,-27.9461765821829,-164.1002690001895;;
7007.1,-27.31440290881863,-166.382570587704;;
7019.05,-26.94248395436465,-169.6969563676624;;
7031,-26.33734948815411,-172.4176870695044;;
7042.95,-25.92795654283711,-174.8708335650122;;
7054.9,-25.49153593145782,-177.9255104831174;;
7066.85,-25.12095002702048,179.3127535322648;;
7078.8,-24.63792874676244,176.3367195654134;;
7090.75,-24.25843085366119,173.574608578753;;
7102.7,-23.88449363348936,170.3680626180894;;
7114.65,-23.57322013335174,167.9908996120709;;
7126.6,-23.15026975252472,165.1597099201688;;
7138.55,-22.80497558727911,162.2931226085771;;
7150.5,-22.49817114920312,159.4696537246911;;
7162.45,-22.21481044375865,156.617290952484;;
7174.4,-21.84057458371041,153.9209769702843;;
7186.35,-21.55361039179472,151.2157013657786;;
7198.3,-21.20730462092443,148.5268173766049;;
7210.25,-21.03679642825926,145.573542273175;;
7222.2,-20.70125684680289,142.9692439196732;;
7234.15,-20.37982097342352,139.8925998562739;;
7246.1,-20.08935158109663,137.217121454332;;
7258.05,-19.87284123473637,134.4905647752028;;
7270,-19.62883810592663,131.802915407372;;
7281.95,-19.34595715124935,129.0166043886625;;
7293.9,-19.12586068828109,126.128576458396;;
7305.85,-18.87648219059641,123.528523362333;;
7317.8,-18.63510572210175,120.5021008231363;;
7329.75,-18.45046222089812,117.9783466201018;;
7341.7,-18.19491540053847,115.3276434630552;;
7353.65,-17.96409134982204,112.280474666483;;
7365.6,-17.73457834708878,109.6144794172116;;
7377.55,-17.53084120582772,106.9391359771022;;
7389.5,-17.32786157080051,104.2190749436875;;
7401.45,-17.11542958156638,101.2834734476137;;
7413.4,-16.92333692738815,98.56842032971821;;
7425.35,-16.74991284782038,95.83205339237071;;
7437.3,-16.5151183630414,93.12495402861296;;
7449.25,-16.34653410954386,90.39152593654001;;
7461.2,-16.15539484320669,87.68591687837511;;
7473.15,-15.96303995213574,84.78612693808019;;
7485.1,-15.78622569986616,82.23218171848954;;
7497.05,-15.59790944769249,79.31523695223206;;
7509,-15.44335379152967,76.52113127958829;;
7520.95,-15.26930895157329,73.93836225860633;;
7532.9,-15.0698752013393,71.01596155204669;;
7544.85,-14.91888850512489,68.38181942014731;;
7556.8,-14.76279113620557,65.5491798219537;;
7568.75,-14.58540221308697,62.71238107173992;;
7580.7,-14.45606125699504,60.0147096089617;;
7592.65,-14.25761930370337,57.30203478311351;;
7604.6,-14.09932307369892,54.56821805050171;;
7616.55,-13.93867273908714,51.80369300587881;;
7628.5,-13.79889710572692,49.07601562123011;;
7640.45,-13.65383732853873,46.28508899110218;;
7652.4,-13.49756531486888,43.48431947722436;;
7664.35,-13.36113859323072,40.83165230766049;;
7676.3,-13.19498153557063,38.09065542507844;;
7688.25,-13.04754887125972,35.26115865017437;;
7700.2,-12.91655961639548,32.58221530965092;;
7712.15,-12.78076401305483,29.77655328591592;;
7724.1,-12.64146140648206,26.9970855027193;;
7736.05,-12.49201454652626,24.31603798391548;;
7748,-12.35745925385788,21.5225081945573;;
7759.95,-12.22309782919741,18.86255448442751;;
7771.9,-12.0967300604435,16.04118274635135;;
7783.85,-11.97136469585224,13.35969453331356;;
7795.8,-11.8339697670071,10.61826131236307;;
7807.75,-11.70832396641249,7.726390740306122;;
7819.7,-11.58346034408684,4.96620118080623;;
7831.65,-11.45736881184024,2.322058565998987;;
7843.6,-11.33686167862125,-0.3965528691561389;;
7855.55,-11.21173194385845,-3.192912254485918;;
7867.5,-11.09447861725666,-5.957852976328938;;
7879.45,-10.97969677853825,-8.669420223832773;;
7891.4,-10.85733179693077,-11.45620039295132;;
7903.35,-10.7331739279392,-14.1835986497209;;
7915.3,-10.60886100470673,-16.9281736065239;;
7927.25,-10.52628260267541,-19.60327624060092;;
7939.2,-10.41017942988388,-22.45862458996946;;
7951.15,-10.28343597184274,-25.17594531918068;;
7963.1,-10.17838724091166,-27.93602039369219;;
7975.05,-10.06587422912666,-30.74400975898102;;
7987,-9.950916794068581,-33.44549959045032;;
7998.95,-9.854501601440363,-36.10233776314823;;
8010.9,-9.750596660162088,-38.930436062142;;
8022.85,-9.637308151680324,-41.6354715837235;;
8034.8,-9.527144054527504,-44.40904669237032;;
8046.75,-9.42777750067725,-47.13172176503576;;
8058.7,-9.329243395127104,-49.9255663317189;;
8070.65,-9.224197512339794,-52.63609270201608;;
8082.6,-9.126964920884848,-55.38609528435927;;
8094.55,-9.031611294796894,-58.12837853462477;;
8106.5,-8.923854549018809,-60.86023462746029;;
8118.45,-8.829874412506824,-63.57865777947191;;
8130.4,-8.739092568238146,-66.38516310874149;;
8142.35,-8.634220902826748,-69.19945924273939;;
8154.3,-8.543577784925301,-71.81288573223438;;
8166.25,-8.460971838433977,-74.6397711666735;;
8178.2,-8.352968292229908,-77.36910666879129;;
8190.15,-8.262708864099942,-80.16946459473181;;
8202.1,-8.172894260388016,-82.8686542703073;;
8214.049999999999,-8.083223762469657,-85.59411608495986;;
8226,-8.006310015041537,-88.32633429391603;;
8237.950000000001,-7.907945539983384,-91.07774370871172;;
8249.9,-7.823498779880572,-93.91746134066209;;
8261.85,-7.73419630873739,-96.59142848601783;;
8273.799999999999,-7.650834940035439,-99.34835155405091;;
8285.75,-7.555649566567175,-102.1129052130364;;
8297.700000000001,-7.471859723439174,-104.8206745644313;;
8309.65,-7.396371183752148,-107.5971476866463;;
8321.6,-7.326542752625604,-110.3334446231781;;
8333.549999999999,-7.22366632828196,-113.0666368322416;;
8345.5,-7.151141138225511,-115.7886337496275;;
8357.450000000001,-7.089425830965165,-118.5680224879931;;
8369.4,-6.99023377361654,-121.3242714991594;;
8381.35,-6.903441873167864,-124.0885254673458;;
8393.299999999999,-6.840562746680279,-126.744995070742;;
8405.25,-6.753676555017556,-129.5216097926992;;
8417.200000000001,-6.680288871747305,-132.3029032267634;;
8429.15,-6.600468483905461,-135.0838903506931;;
8441.1,-6.53043653294745,-137.7505849292423;;
8453.049999999999,-6.454610005470224,-140.5450035276284;;
8465,-6.379226155392738,-143.2749418142481;;
8476.950000000001,-6.297891939922246,-146.0302866239097;;
8488.9,-6.232126251382537,-148.7478561406851;;
8500.85,-6.162095150750503,-151.5230819662068;;
8512.799999999999,-6.084052238300072,-154.250493109033;;
8524.75,-6.014125039301436,-156.9737307229138;;
8536.700000000001,-5.954459550147849,-159.7367426236274;;
8548.65,-5.880840219167808,-162.5486084579945;;
8560.6,-5.803936416330656,-165.2180381776438;;
8572.549999999999,-5.735410209120055,-167.9558887268535;;
8584.5,-5.672949770464832,-170.7211056557779;;
8596.450000000001,-5.608423572137621,-173.469497435513;;
8608.4,-5.535662772771763,-176.2449363627208;;
8620.35,-5.47085555628104,-179.0390123915169;;
8632.299999999999,-5.413907264990506,178.2201041125023;;
8644.25,-5.342828367817524,175.4737075341938;;
8656.200000000001,-5.279600329353328,172.7769347480067;;
8668.15,-5.21446215939609,170.007838140495;;
8680.1,-5.148868450830699,167.2597603258715;;
8692.049999999999,-5.084481104305567,164.5924484899352;;
8704,-5.030522482069085,161.7925312206215;;
8715.950000000001,-4.965571121005751,159.0416215622294;;
8727.9,-4.903123794158643,156.2977752234266;;
8739.85,-4.847392223076658,153.5877692037335;;
8751.799999999999,-4.78099597399201,150.8167014374674;;
8763.75,-4.717148529113348,148.0673043475689;;
8775.700000000001,-4.666605453964849,145.2888450698383;;
8787.65,-4.611875561776277,142.6335851545866;;
8799.6,-4.54569220885144,139.8241275915631;;
8811.549999999999,-4.486347786390386,137.1228721400955;;
8823.5,-4.425276944191514,134.3220153670474;;
8835.450000000001,-4.372478034784328,131.5950725436685;;
8847.4,-4.317755754521826,128.8229095389756;;
8859.35,-4.26356949997935,126.0626348001666;;
8871.299999999999,-4.203650501579153,123.3784885907124;;
8883.25,-4.144745614190792,120.6058495452239;;
8895.200000000001,-4.091300792219698,117.8644394104526;;
8907.15,-4.048338065988188,115.1630074674427;;
8919.1,-3.98894661550522,112.4017500860664;;
8931.049999999999,-3.943523707574425,109.5875965769836;;
8943,-3.885773431775212,106.8856680682491;;
8954.950000000001,-3.832874797837266,104.1476636469569;;
8966.9,-3.783194794134128,101.403047602591;;
8978.85,-3.729693329980192,98.69381646018171;;
8990.799999999999,-3.67966075596797,95.9091737307408;;
9002.75,-3.634256025970382,93.15096348652092;;
9014.700000000001,-3.577290028131593,90.44294064890722;;
9026.65,-3.533446306121952,87.66158802572672;;
9038.6,-3.475686504622582,84.89127728846165;;
9050.549999999999,-3.432225967122399,82.1491716461486;;
9062.5,-3.379886514210921,79.40519717430162;;
9074.450000000001,-3.330904964866894,76.70089114370776;;
9086.4,-3.288417443674025,73.95676785649101;;
9098.35,-3.245725835035822,71.17606044164803;;
9110.299999999999,-3.192277496661617,68.39952563859926;;
9122.25,-3.157651132936511,65.69764624915149;;
9134.200000000001,-3.103747067520691,62.94751772724862;;
9146.15,-3.060957196822208,60.21798045357346;;
9158.1,-3.015311178923871,57.46240042078922;;
9170.049999999999,-2.969878405733557,54.71111772448909;;
9182,-2.930464770925813,51.98483526242939;;
9193.950000000001,-2.886232222251689,49.23821287682807;;
9205.9,-2.841584109744474,46.47491025929884;;
9217.85,-2.801074720866374,43.71332408230514;;
9229.799999999999,-2.754182767230569,41.00174067980491;;
9241.75,-2.712072244006996,38.21969408768025;;
9253.700000000001,-2.673280017081235,35.46024769569703;;
9265.65,-2.630077693300448,32.7333253190123;;
9277.6,-2.59008437274797,30.01554388430918;;
9289.549999999999,-2.55173260841288,27.24410455809834;;
9301.5,-2.509523129684565,24.48334258032561;;
9313.450000000001,-2.47138776085111,21.75210839307203;;
9325.4,-2.428804488765866,19.01240094871309;;
9337.35,-2.397757346303145,16.25248391711507;;
9349.299999999999,-2.356371430874501,13.51576258976375;;
9361.25,-2.315258224823566,10.75974898917337;;
9373.200000000001,-2.275941534574414,8.03146702897223;;
9385.15,-2.241082410237822,5.286246951512965;;
9397.1,-2.204287207393357,2.514413530490097;;
9409.049999999999,-2.168637554575945,-0.2133198552837854;;
9421,-2.133044843140251,-2.948242302360725;;
9432.950000000001,-2.096289387957421,-5.705534472921414;;
9444.9,-2.059049406009615,-8.466254418866832;;
9456.85,-2.026717726014459,-11.21171629083277;;
9468.799999999999,-1.992434240501542,-13.93604387260902;;
9480.75,-1.957173303898383,-16.68372668460366;;
9492.700000000001,-1.918990679605089,-19.45217959404297;;
9504.65,-1.887013350345347,-22.17101101510592;;
9516.6,-1.853777940961783,-24.93460817442929;;
9528.549999999999,-1.818756572599267,-27.66016154854643;;
9540.5,-1.786355772015624,-30.40765142043179;;
9552.450000000001,-1.754046827789296,-33.17421526117069;;
9564.4,-1.724517838518894,-35.90991041035659;;
9576.35,-1.691332918336443,-38.67864552986444;;
9588.299999999999,-1.656082621901184,-41.40174009288455;;
9600.25,-1.625886315998769,-44.17233876648051;;
9612.200000000001,-1.596453664295785,-46.91684643186922;;
9624.15,-1.566492866031892,-49.64975257393723;;
9636.1,-1.53269501083835,-52.38668929223468;;
9648.049999999999,-1.503472870303737,-55.15407111070897;;
9660,-1.477482226309373,-57.91565735839058;;
9671.950000000001,-1.445590287663467,-60.65414144831362;;
9683.9,-1.415795217747631,-63.40070397457345;;
9695.85,-1.390961290128538,-66.12064292248206;;
9707.799999999999,-1.360103294771025,-68.92053095294821;;
9719.75,-1.334492219692461,-71.61464244900178;;
9731.700000000001,-1.301469117088756,-74.35720230149565;;
9743.65,-1.279126928876908,-77.1161312959505;;
9755.6,-1.250841326688064,-79.90172016243253;;
9767.549999999999,-1.222249767696976,-82.58529021846482;;
9779.5,-1.198566584460284,-85.35520742354451;;
9791.450000000001,-1.170645062615864,-88.11380478079032;;
9803.4,-1.139867103893444,-90.83211122136456;;
9815.35,-1.119776520691491,-93.60578820972785;;
9827.299999999999,-1.097725989782534,-96.35748342270634;;
9839.25,-1.071442267859424,-99.08974868059479;;
9851.200000000001,-1.041586261126179,-101.8026199277263;;
9863.15,-1.020776415692154,-104.6074738964606;;
9875.1,-0.9911701929211734,-107.2950731510056;;
9887.049999999999,-0.976555420236167,-110.0725376062786;;
9899,-0.9477417014873935,-112.8518694154615;;
9910.950000000001,-0.9195529635135264,-115.5839447412951;;
9922.9,-0.9028828540413775,-118.3237648979456;;
9934.85,-0.8818257162708142,-121.0502333269076;;
9946.799999999999,-0.8583824610988439,-123.8203310996167;;
9958.75,-0.8389614401439085,-126.5695982327785;;
9970.700000000001,-0.81172978292904,-129.350681500708;;
9982.65,-0.791536687286004,-132.1402749794119;;
9994.6,-0.7647708639178362,-134.7501144577965;;
10006.55,-0.7559720911329442,-137.6156954861403;;
10018.5,-0.7285108091770951,-140.2858588346802;;
10030.45,-0.705260136082645,-143.0511889011707;;
10042.4,-0.6909310875089318,-145.8011570891561;;
10054.35,-0.6654432593513873,-148.5453361624069;;
10066.3,-0.6435251018420467,-151.289563480155;;
10078.25,-0.6286784149053658,-154.0576035324507;;
10090.2,-0.6061584002134147,-156.752357044452;;
10102.15,-0.5899891635756616,-159.5133351629441;;
10114.1,-0.5729228918133205,-162.3005247268181;;
10126.05,-0.5481456299635075,-165.0428568573417;;
10138,-0.5370881868995809,-167.7794635850489;;
10149.95,-0.5285060718786442,-170.4955953606092;;
10161.9,-0.5057222262069967,-173.3363560350883;;
10173.85,-0.4890776669782532,-176.0312587469599;;
10185.8,-0.4694584796795203,-178.7591985586831;;
10197.75,-0.4649758779115182,178.4408492899593;;
10209.7,-0.4387712036810641,175.7271647364675;;
10221.65,-0.425230261711717,172.9483828939216;;
10233.6,-0.4077733643870066,170.1973951035778;;
10245.55,-0.3887468586872124,167.4794631567287;;
10257.5,-0.3764627877117243,164.8022767884989;;
10269.45,-0.3666617382732084,161.9424010773269;;
10281.4,-0.3508860437001347,159.2212148526874;;
10293.35,-0.3410728344003707,156.4136639811351;;
10305.3,-0.3189449295525713,153.6942178451461;;
10317.25,-0.3041673940375237,150.9207752212922;;
10329.2,-0.2987837753112389,148.2000369303541;;
10341.15,-0.2835976577844432,145.4505724771662;;
10353.1,-0.2669726603571048,142.7537209634709;;
10365.05,-0.2592647584671107,139.9825499918188;;
10377,-0.2453273070499939,137.2077740312685;;
10388.95,-0.240717099537122,134.4655589545819;;
10400.9,-0.2181644781659495,131.7495227012651;;
10412.85,-0.2161850435071361,128.9768274222129;;
10424.8,-0.2011512159539242,126.2310166958103;;
10436.75,-0.1945765184978621,123.4494398440462;;
10448.7,-0.1808286521860268,120.7319453757381;;
10460.65,-0.173604284634748,117.997749039876;;
10472.6,-0.1641092528139,115.2067748210929;;
10484.55,-0.1527073644280895,112.4866030987281;;
10496.5,-0.1457616421551517,109.7737922876773;;
10508.45,-0.135141497181138,106.9652583307468;;
10520.4,-0.1293332433926773,104.23386074572;;
10532.35,-0.1176143808474084,101.4770047169208;;
10544.3,-0.1095599867932792,98.73259654612832;;
10556.25,-0.1018170623577838,96.03391073446618;;
10568.2,-0.1019366486177286,93.26063183610182;;
10580.15,-0.08749806418054619,90.48886675528797;;
10592.1,-0.08431236829859978,87.7295211322561;;
10604.05,-0.07437240857159681,84.98273622308503;;
10616,-0.06435620257536789,82.21894791042097;;
10627.95,-0.0587688509625941,79.45208646706442;;
10639.9,-0.0557466525891373,76.72629896982296;;
10651.85,-0.05362353144089371,73.98515558730952;;
10663.8,-0.04957767611129895,71.25241740070101;;
10675.75,-0.03925388193710956,68.49709154617018;;
10687.7,-0.0352885794365589,65.74581856133565;;
10699.65,-0.03378361559518635,62.97608993137592;;
10711.6,-0.03015496118432132,60.24686106076418;;
10723.55,-0.02161301867477476,57.4834184943057;;
10735.5,-0.02397464097999471,54.74610987009116;;
10747.45,-0.02279938303864909,51.98294585738869;;
10759.4,-0.0148734344432872,49.24754471841968;;
10771.35,-0.01211342317487749,46.47406951747678;;
10783.3,-0.009000436628853484,43.7227278038423;;
10795.25,-0.008162657706942668,40.98418234943905;;
10807.2,-0.007537085337089282,38.22949173738263;;
10819.15,-0.005964300946093532,35.47910897916476;;
10831.1,-0.005447905894464479,32.7210955152801;;
10843.05,-0.00360943023666344,29.98469825577832;;
10855,-0.002418965249184593,27.23770594540707;;
10866.95,-0.004051267098271968,24.47500779210053;;
10878.9,-0.005294802641120377,21.72885619015224;;
10890.85,-0.005206392152737892,18.97580360992583;;
10902.8,-0.003781355025498079,16.22915058853852;;
10914.75,-0.007587673363668253,13.48250306612663;;
10926.7,-0.00463958221764361,10.71063765448267;;
10938.65,-0.009867332910100113,7.984773434720566;;
10950.6,-0.008548769602373506,5.21942385384693;;
10962.55,-0.008544137821947743,2.480450882401925;;
10974.5,-0.01373152288600412,-0.2711658429608121;;
10986.45,-0.01605773832756643,-3.003967706506536;;
10998.4,-0.0186144174733677,-5.758923674445512;;
11010.35,-0.02399401724993836,-8.519860491887984;;
11022.3,-0.02545130603769687,-11.26514568342398;;
11034.25,-0.02890085514500714,-14.01728599721966;;
11046.2,-0.03328370134454331,-16.78051462114132;;
11058.15,-0.03532742186274683,-19.54883187264166;;
11070.1,-0.04486210465284547,-22.29045843772396;;
11082.05,-0.05059677872065815,-25.03715432196802;;
11094,-0.05413891012482799,-27.78674631515701;;
11105.95,-0.05999506169962174,-30.54357053062016;;
11117.9,-0.06537478766570462,-33.27287968216126;;
11129.85,-0.07008423013228635,-36.02464220108817;;
11141.8,-0.07458143253982105,-38.7939957895333;;
11153.75,-0.08199603168153272,-41.5360631635974;;
11165.7,-0.09296297599847575,-44.31071515390853;;
11177.65,-0.1050554895886366,-47.01412609748068;;
11189.6,-0.1092321312596508,-49.77409391171523;;
11201.55,-0.1112932980606666,-52.53503484229422;;
11213.5,-0.1227925777326924,-55.32517506245737;;
11225.45,-0.1304388188078409,-58.07459766874052;;
11237.4,-0.1440449156371254,-60.78600674252446;;
11249.35,-0.1476594448213192,-63.54437117354426;;
11261.3,-0.1566716321362496,-66.29445117574502;;
11273.25,-0.1665451676052712,-69.04643926991933;;
11285.2,-0.1722810996420322,-71.82682665292134;;
11297.15,-0.1848437371123755,-74.56649000093302;;
11309.1,-0.2022206363097965,-77.27230931860146;;
11321.05,-0.2134946365023591,-80.02469442681266;;
11333,-0.2202326731057281,-82.82764279383115;;
11344.95,-0.2376501710731559,-85.58543011391954;;
11356.9,-0.2356518992977505,-88.23545288693361;;
11368.85,-0.2536340368807855,-91.04954980826949;;
11380.8,-0.2701014278210817,-93.83600021736818;;
11392.75,-0.2854293068576571,-96.57658392424359;;
11404.7,-0.2917892208450856,-99.31865675968282;;
11416.65,-0.3008279336800135,-102.102486770896;;
11428.6,-0.3146088740581126,-104.8882331217227;;
11440.55,-0.3320235067218982,-107.5790436757662;;
11452.5,-0.3429346653376735,-110.3053144508975;;
11464.45,-0.3570629168488155,-113.0671839232945;;
11476.4,-0.3862680248774889,-115.8487603647769;;
11488.35,-0.3966531504314308,-118.5904238266783;;
11500.3,-0.4174319241556407,-121.3415489539434;;
11512.25,-0.4144758115050916,-124.038261667;;
11524.2,-0.4377919763803885,-126.7595781847014;;
11536.15,-0.4669177584746886,-129.605758477394;;
11548.1,-0.4704213332393375,-132.3729024323479;;
11560.05,-0.498796234060629,-135.0824293022279;;
11572,-0.5171412611294778,-137.8052152325878;;
11583.95,-0.5246041052777115,-140.5861355911834;;
11595.9,-0.5508071590126025,-143.3527499228105;;
11607.85,-0.5640323219598884,-146.150776811356;;
11619.8,-0.5797955161288658,-148.8547552829507;;
11631.75,-0.5953372128523073,-151.6478165429641;;
11643.7,-0.629634624081207,-154.406884122346;;
11655.65,-0.6421337430854218,-157.0672994061702;;
11667.6,-0.6645255858067991,-159.8488703257159;;
11679.55,-0.6810611943663218,-162.6869310082369;;
11691.5,-0.7050610199742011,-165.3235742964367;;
11703.45,-0.7238957727534935,-168.1462090143851;;
11715.4,-0.7571184533943286,-170.9048628272079;;
11727.35,-0.776002217944753,-173.5990097557007;;
11739.3,-0.7952764050573635,-176.4172882279216;;
11751.25,-0.8213283698688505,-179.1434194807382;;
11763.2,-0.8361745979862,178.0807833943355;;
11775.15,-0.8581544821946072,175.4202573491972;;
11787.1,-0.8910232263552782,172.6096890907825;;
11799.05,-0.9153355947796837,169.8272791199591;;
11811,-0.9316254101575723,167.0943967571547;;
11822.95,-0.9659297902712312,164.3270336189053;;
11834.9,-0.9778521045884985,161.4796204969163;;
11846.85,-1.009663814788254,158.8099507456566;;
11858.8,-1.028619457495794,155.9981939650655;;
11870.75,-1.049282018018406,153.2990078618105;;
11882.7,-1.084776272704028,150.5303868274233;;
11894.65,-1.115561235375796,147.8487520987404;;
11906.6,-1.142715268378545,145.0614362482254;;
11918.55,-1.183047757361786,142.2497134368879;;
11930.5,-1.185642326552672,139.4661797492787;;
11942.45,-1.218021709531732,136.8212218617455;;
11954.4,-1.25297908236545,134.0660983701864;;
11966.35,-1.288181336332698,131.2435859303776;;
11978.3,-1.316149481181913,128.4497197359111;;
11990.25,-1.338086312955473,125.7936035390564;;
12002.2,-1.360667854215129,123.0385042833051;;
12014.15,-1.403553653709233,120.321151969893;;
12026.1,-1.430516746872534,117.4951135684503;;
12038.05,-1.461617519657715,114.8337411021325;;
12050,-1.494663955995155,111.8690528643625;;
12061.95,-1.534043328793814,109.2714535293769;;
12073.9,-1.548404142458857,106.4685085739156;;
12085.85,-1.588129118700797,103.6577428569392;;
12097.8,-1.630319520284853,100.9408844707129;;
12109.75,-1.665334892698527,98.25136940742502;;
12121.7,-1.692245860460424,95.55236237063201;;
12133.65,-1.735993636075376,92.8011619270987;;
12145.6,-1.764466751630978,89.90502597668093;;
12157.55,-1.798493183846898,87.24656969977002;;
12169.5,-1.84895079062813,84.44196747424877;;
12181.45,-1.877385617343022,81.71435511031768;;
12193.4,-1.902332231674372,78.92935232291472;;
12205.35,-1.956788219138491,76.13983843699319;;
12217.3,-1.971992613202596,73.46483365200697;;
12229.25,-2.025193312330283,70.63520481222956;;
12241.2,-2.07313915745383,67.89425870993222;;
12253.15,-2.100683457783193,65.10561031747363;;
12265.1,-2.140095173878607,62.33619348644012;;
12277.05,-2.168234122169491,59.76288824041055;;
12289,-2.226400451222534,56.87196586826688;;
12300.95,-2.265840321477672,54.2311554552894;;
12312.9,-2.291400390525643,51.35316994745493;;
12324.85,-2.342000856945429,48.7392956902284;;
12336.8,-2.384752479044984,45.98138625163506;;
12348.75,-2.424405859924377,43.18520741093522;;
12360.7,-2.453179916196134,40.35937137052179;;
12372.65,-2.495389880198749,37.59203278516998;;
12384.6,-2.542478998549909,34.8268358175664;;
12396.55,-2.608668016625591,32.09070332180011;;
12408.5,-2.632983415866821,29.46634100783481;;
12420.45,-2.684252002158523,26.53940559215327;;
12432.4,-2.716750751981309,23.83008190206424;;
12444.35,-2.77917811717972,21.1976694918541;;
12456.3,-2.805454719574963,18.34383809502832;;
12468.25,-2.879357166149341,15.59980468261536;;
12480.2,-2.914690959814475,12.74453129155673;;
12492.15,-2.970912782399168,10.00152987601052;;
12504.1,-3.005695247145276,7.251793513445294;;
12516.05,-3.062595393595239,4.655270646415595;;
12528,-3.1017768771663,1.744334972509336;;
12539.95,-3.156700689214201,-0.8309444743526768;;
12551.9,-3.221089901475604,-3.682254422262943;;
12563.85,-3.246682653748665,-6.380548372143522;;
12575.8,-3.294188620781822,-9.174176855323992;;
12587.75,-3.348025358548853,-11.92862991178468;;
12599.7,-3.423698149108846,-14.69841168241066;;
12611.65,-3.462696948946932,-17.38184670188398;;
12623.6,-3.513163661723857,-20.31361566779552;;
12635.55,-3.555557865418006,-23.01269853088959;;
12647.5,-3.615125787471892,-25.62344641202187;;
12659.45,-3.670242812747964,-28.37284995858043;;
12671.4,-3.717438596373001,-31.2114124535051;;
12683.35,-3.777305369473943,-33.93228309540338;;
12695.3,-3.852624075073495,-36.81381027103005;;
12707.25,-3.879703644906105,-39.51822023065125;;
12719.2,-3.944462160146391,-42.28077433144511;;
12731.15,-4.029288986951688,-45.00236652402999;;
12743.1,-4.082511142896418,-47.77353206839783;;
12755.05,-4.130959314263734,-50.42458410405561;;
12767,-4.176220415446475,-53.38362352068501;;
12778.95,-4.238632297229266,-56.00860129699609;;
12790.9,-4.325221791391283,-58.87220476490452;;
12802.85,-4.379702109710728,-61.59323294053917;;
12814.8,-4.444280081483469,-64.27522786797543;;
12826.75,-4.478685646131762,-67.09583969620594;;
12838.7,-4.535432778028859,-69.79301842854321;;
12850.65,-4.600880210428514,-72.52254273283616;;
12862.6,-4.688652178988777,-75.27054745282977;;
12874.55,-4.75221326560683,-78.00657382669078;;
12886.5,-4.796930203092264,-80.78982967845387;;
12898.45,-4.881335786527984,-83.54231425239244;;
12910.4,-4.947835454457513,-86.26544059370464;;
12922.35,-5.016752717235136,-89.18279453180799;;
12934.3,-5.089026445154998,-91.91497419426236;;
12946.25,-5.152796841264941,-94.57425799295413;;
12958.2,-5.200708459631618,-97.33364953963004;;
12970.15,-5.259353711810062,-100.0121956711341;;
12982.1,-5.352142543591314,-102.9887659726538;;
12994.05,-5.408448038886258,-105.6534022771286;;
13006,-5.486593600004539,-108.4513187988982;;
13017.95,-5.550855068360327,-111.1855636128623;;
13029.9,-5.627900795643226,-113.9916007763755;;
13041.85,-5.713700780951215,-116.6194560277966;;
13053.8,-5.774278782705452,-119.2511444676845;;
13065.75,-5.849798771260645,-122.1327973776692;;
13077.7,-5.91278701076019,-124.9012438799687;;
13089.65,-6.030581978007713,-127.6245333593186;;
13101.6,-6.075064856733235,-130.3894836104142;;
13113.55,-6.141213777191894,-133.1185071779081;;
13125.5,-6.256064369597725,-135.9803536373481;;
13137.45,-6.301836410329588,-138.5449086165183;;
13149.4,-6.397759993372815,-141.5867861888249;;
13161.35,-6.471570309551231,-144.366481098036;;
13173.3,-6.559183190622243,-146.8338487981072;;
13185.25,-6.650976768319024,-149.6792282784581;;
13197.2,-6.731414077016804,-152.4114865367738;;
13209.15,-6.803573540578799,-155.1203282163173;;
13221.1,-6.901660969483029,-158.0616322131011;;
13233.05,-6.937157963048771,-160.8400814060583;;
13245,-7.04254491376616,-163.5812305579855;;
13256.95,-7.127290272115143,-166.4374360600478;;
13268.9,-7.231497516488419,-168.8436196197516;;
13280.85,-7.346600907691596,-171.7876368196752;;
13292.8,-7.374681208104493,-174.4198184316783;;
13304.75,-7.491272760041234,-177.3560558426434;;
13316.7,-7.572137408605437,-179.9103346921471;;
13328.65,-7.690263235902275,177.2407011065213;;
13340.6,-7.757275597328745,174.5268827427022;;
13352.55,-7.830424893448559,171.7260313033797;;
13364.5,-7.974301084950807,168.8059118360763;;
13376.45,-8.031212412161011,166.1087844849858;;
13388.4,-8.128035109503791,163.3655840393713;;
13400.35,-8.197695422729051,160.6216713710744;;
13412.3,-8.364517279777363,157.9006621340459;;
13424.25,-8.40713599956575,155.0046333492544;;
13436.2,-8.544511940287073,152.3021009941224;;
13448.15,-8.613717235690796,149.7824151811652;;
13460.1,-8.73467958063873,146.9881075427823;;
13472.05,-8.862444107774902,144.1745506921464;;
13484,-8.970616937651174,141.4404356466441;;
13495.95,-9.056313948227615,138.7134945937486;;
13507.9,-9.133069931125986,135.7573174619838;;
13519.85,-9.237530442964818,132.9619257035793;;
13531.8,-9.347714193632541,130.5643283017775;;
13543.75,-9.468489169009331,127.7864990193363;;
13555.7,-9.602519676092978,124.7210873901106;;
13567.65,-9.705143886939732,122.2040243772751;;
13579.6,-9.776301297447809,119.3185487022043;;
13591.55,-9.923131726084707,116.5333228467876;;
13603.5,-10.05427268561225,113.7890636268223;;
13615.45,-10.18772324409898,111.0284295118144;;
13627.4,-10.24840197811571,108.1686617455387;;
13639.35,-10.34565205008026,105.494125163876;;
13651.3,-10.50493345324458,102.7298858868078;;
13663.25,-10.62256932614525,99.91967739726272;;
13675.2,-10.72735915899429,97.47950164121342;;
13687.15,-10.83919579846246,94.67448956684427;;
13699.1,-10.99273089868017,91.94480344648791;;
13711.05,-11.12771267770768,88.80588864227393;;
13723,-11.21433245201262,86.17138131757434;;
13734.95,-11.36136047317865,83.45504578326998;;
13746.9,-11.46619695087289,80.77530876752672;;
13758.85,-11.6004234864699,77.88845452084185;;
13770.8,-11.78817872979668,75.34889672647608;;
13782.75,-11.86006139030111,72.30199076415423;;
13794.7,-12.04358805816822,69.95590700677184;;
13806.65,-12.20933433031585,67.1918093605529;;
13818.6,-12.32229981973208,64.34748246470649;;
13830.55,-12.39640025182529,61.62378174778968;;
13842.5,-12.55303756263337,59.01099567714541;;
13854.45,-12.7050824967779,56.13540973507669;;
13866.4,-12.90748598070441,53.24106184713497;;
13878.35,-12.98684744585433,50.2675421683431;;
13890.3,-13.19400690163952,47.77894288351462;;
13902.25,-13.33810978637498,45.2099147825959;;
13914.2,-13.47194270202829,42.05405599460971;;
13926.15,-13.6778042518116,39.72092959045878;;
13938.1,-13.76639390190405,37.12549138814143;;
13950.05,-13.93218702905308,33.84947882747768;;
13962,-14.14169987241466,31.69278852179858;;
13973.95,-14.2605742426448,28.1925059439841;;
13985.9,-14.45896328117199,25.61751211188852;;
13997.85,-14.56681924930112,23.13738581778993;;
14009.8,-14.83350749829616,20.45011570480031;;
14021.75,-14.97359143185976,17.89413121966652;;
14033.7,-15.11173304067882,14.46936453734629;;
14045.65,-15.2412091401963,12.19229688099997;;
14057.6,-15.51879558448663,9.102967413902412;;
14069.55,-15.64532600549578,6.967943811093988;;
14081.5,-15.87340769557667,3.871782945190578;;
14093.45,-15.97769298015748,1.345662310935893;;
14105.4,-16.16849893418928,-1.878649680431652;;
14117.35,-16.39177450693836,-4.17725240682438;;
14129.3,-16.59730570590011,-6.788150183700409;;
14141.25,-16.78458038280368,-9.429429404589825;;
14153.2,-17.09808853492926,-12.53287784851015;;
14165.15,-17.2269696252646,-14.91632432109378;;
14177.1,-17.4672725856047,-18.25419374435955;;
14189.05,-17.62872823135482,-20.74195063254777;;
14201,-17.86456591484246,-23.2765667894863;;
14212.95,-18.12945502649103,-26.15362114399301;;
14224.9,-18.28332287810399,-29.25878972566278;;
14236.85,-18.50187217185488,-31.64490536520603;;
14248.8,-18.73541206168807,-34.45994752660012;;
14260.75,-19.00818899793213,-37.14061634483329;;
14272.7,-19.24025195323433,-40.02351585798731;;
14284.65,-19.54129517601515,-42.8147470556008;;
14296.6,-19.76258744823189,-45.56448052258776;;
14308.55,-20.0472872326518,-48.42115897335307;;
14320.5,-20.34121979936043,-50.68383812167293;;
14332.45,-20.64840002059899,-53.5821436636503;;
14344.4,-20.8549914860577,-56.12764062642625;;
14356.35,-21.14613670326666,-59.71198842282679;;
14368.3,-21.43501891552613,-61.47792770611858;;
14380.25,-21.79256555390574,-64.20681237838726;;
14392.2,-21.97860599282292,-67.30172685363769;;
14404.15,-22.31880178581591,-69.6474335308187;;
14416.1,-22.6810996684293,-72.88574903081808;;
14428.05,-23.05006784445449,-75.19393698151617;;
14440,-23.4859382204987,-77.48574995412936;;
14451.95,-23.7821915635052,-80.61670473116587;;
14463.9,-24.04151763881499,-83.26030175699667;;
14475.85,-24.41900815503415,-86.54349455153249;;
14487.8,-24.92492180569985,-88.81731421722539;;
14499.75,-25.28388890895659,-91.9414354425281;;
14511.7,-25.79510906571131,-94.14291863098263;;
14523.65,-26.11598193650387,-98.06587745449775;;
14535.6,-26.64042476906061,-99.26448895238414;;
14547.55,-27.02965353966015,-101.613749530453;;
14559.5,-27.55099633506175,-104.8062730249918;;
14571.45,-28.34173551565819,-108.4895550929567;;
14583.4,-28.7832831946702,-111.1099494861466;;
14595.35,-29.25301098100519,-112.0726239715264;;
14607.3,-30.15596370151527,-115.4871188991762;;
14619.25,-30.43651041671055,-118.8163298434335;;
14631.2,-31.314019350677,-121.2254805633004;;
14643.15,-32.19669085312159,-124.7969556458341;;
14655.1,-32.95526441535397,-122.9105748783739;;
14667.05,-33.81899783633325,-128.2539318484211;;
14679,-35.07041725989806,-132.5013481439956;;
14690.95,-35.90943103436894,-132.1996553242063;;
14702.9,-37.80529111997878,-139.4315318794783;;
14714.85,-39.04718106161099,-138.1194318919653;;
14726.8,-40.35866522615576,-131.6050341457219;;
14738.75,-41.96128923748481,-141.2806364661711;;
14750.7,-44.30319713338221,-132.5734775226812;;
14762.65,-50.61896670380737,-140.8357768582285;;
14774.6,-57.39153020822006,-102.8517409233829;;
14786.55,-53.9463189919168,-53.6736410644765;;
14798.5,-48.3703881801609,-7.914196962846859;;
14810.45,-44.50098652841295,5.18257274674562;;
14822.4,-42.41367794565456,9.730600038935123;;
14834.35,-40.90498578882757,3.427636775363354;;
14846.3,-39.19949377257654,-0.652380739360666;;
14858.25,-37.98503733237392,-4.909840944503017;;
14870.2,-37.18878330056084,2.012831444229413;;
14882.15,-36.15898825180925,-3.048453338316563;;
14894.1,-34.73821074756976,-7.144005064901918;;
14906.05,-34.54229542574385,-11.2189726035926;;
14918,-33.33533669369437,-14.14205334015568;;
14929.95,-32.88704917441081,-14.12815863980092;;
14941.9,-32.28134619475674,-19.86159886032738;;
14953.85,-31.65075529274166,-19.44078049129413;;
14965.8,-31.32657528073594,-24.57897426741573;;
14977.75,-30.93165399281591,-26.88077519207124;;
14989.7,-30.22398342526148,-29.5934467299374;;
15001.65,-29.98352712777519,-32.42856831850928;;
15013.6,-29.60485466312804,-34.36755408768451;;
15025.55,-28.80010622950691,-36.56138821466988;;
15037.5,-28.88454753613363,-39.86110587026283;;
15049.45,-28.39957812430901,-40.57765417493661;;
15061.4,-28.04919056464968,-43.42213825012568;;
15073.35,-27.79197088268482,-48.11402431067205;;
15085.3,-27.67754381577636,-50.57815665263151;;
15097.25,-27.48318675639432,-53.53249736520767;;
15109.2,-26.92185470987325,-54.37083260950324;;
15121.15,-26.94569093846127,-57.65000481338456;;
15133.1,-26.64550108072757,-60.89106887470166;;
15145.05,-26.28252419321664,-64.02335142383689;;
15157,-26.17806150280763,-65.63987273551166;;
15168.95,-25.96480855644454,-69.0029351760048;;
15180.9,-25.5869639616827,-71.11038381573734;;
15192.85,-25.58782644786359,-74.70288231737436;;
15204.8,-25.46051147816968,-76.78838092778095;;
15216.75,-25.22199136831407,-79.8164620991095;;
15228.7,-25.04781362779514,-81.53055832245229;;
15240.65,-24.99154393899757,-85.38026601202476;;
15252.6,-24.8284573001557,-87.51938069158402;;
15264.55,-24.57300441806339,-90.82581800887345;;
15276.5,-24.44704423840047,-93.17647224714375;;
15288.45,-24.3065480815921,-96.9194836409558;;
15300.4,-24.1259761266037,-99.41504503614384;;
15312.35,-24.17541285201965,-101.0426233868308;;
15324.3,-23.99078440122995,-104.6836748721113;;
15336.25,-23.92523948351189,-107.1619445742055;;
15348.2,-23.76041064929515,-109.6639751327743;;
15360.15,-23.57948854810621,-113.2891707612654;;
15372.1,-23.62649011340457,-114.218704594716;;
15384.05,-23.58176152991228,-117.6540133728271;;
15396,-23.37485150948389,-120.598415859948;;
15407.95,-23.32010063374389,-123.6654462685797;;
15419.9,-23.28223611123352,-127.2197053926837;;
15431.85,-23.16518667430671,-129.337454952271;;
15443.8,-23.13596732750739,-132.5410092153512;;
15455.75,-23.20328456740839,-133.8982547953893;;
15467.7,-22.90710310308444,-137.6664035647069;;
15479.65,-22.96933628108951,-140.0115372796104;;
15491.6,-22.863401123899,-143.1240041605093;;
15503.55,-22.881052841407,-146.0442036276361;;
15515.5,-22.87004988364801,-147.8468504461646;;
15527.45,-22.68225260440215,-150.6699950700181;;
15539.4,-22.61852821900834,-154.3995663554656;;
15551.35,-22.70211589893247,-156.8130770196574;;
15563.3,-22.63701206837535,-160.1323843707367;;
15575.25,-22.60076647606893,-162.0025811487366;;
15587.2,-22.46622543666207,-165.4561158716321;;
15599.15,-22.60495774602212,-167.3739991092874;;
15611.1,-22.5409088851608,-170.7421742671857;;
15623.05,-22.4263737128163,-173.1089203791922;;
15635,-22.5017744198406,-176.0111574530934;;
15646.95,-22.35693155368692,-178.4194273210661;;
15658.9,-22.45424154590334,179.2516568436999;;
15670.85,-22.36559632700217,176.1462178974278;;
15682.8,-22.41610727234733,173.5552851511015;;
15694.75,-22.22302215107737,169.3417416718797;;
15706.7,-22.28968578152627,167.2140542794527;;
15718.65,-22.34390920049706,164.555193479;;
15730.6,-22.38313313690567,162.3844359534045;;
15742.55,-22.28057877263118,159.5616004561568;;
15754.5,-22.30743963514055,156.7517519060915;;
15766.45,-22.47956411793158,154.1376759933138;;
15778.4,-22.4003086745828,151.1103607698384;;
15790.35,-22.27513094089674,148.4443355561261;;
15802.3,-22.28320223064287,145.8067897151886;;
15814.25,-22.46074380210069,142.512226347956;;
15826.2,-22.32816135094885,140.6846174884655;;
15838.15,-22.37391203764086,137.9062498225541;;
15850.1,-22.39774016559916,134.9459606129861;;
15862.05,-22.4572801913218,131.7507998698298;;
15874,-22.59375652776134,129.0996942530934;;
15885.95,-22.46838966246652,125.8223084670001;;
15897.9,-22.59576762555005,123.8088558205753;;
15909.85,-22.59948401021416,121.019733044831;;
15921.8,-22.66931997005504,118.6520118491318;;
15933.75,-22.65171817580818,114.3023403753148;;
15945.7,-22.49864432620014,112.5962274147455;;
15957.65,-22.74677257294063,110.0040741493459;;
15969.6,-22.77360425245938,106.4771940041202;;
15981.55,-22.72624989248279,103.9548773194057;;
15993.5,-22.96854307475586,100.773831440379;;
16005.45,-22.81946076905242,98.66862842427506;;
16017.4,-22.94265347930619,95.89864217278419;;
16029.35,-22.89303613199004,93.36348498586227;;
16041.3,-23.00563120246874,90.51279603374093;;
16053.25,-23.16057791832798,87.26562583247221;;
16065.2,-23.21411605842442,84.22778708762652;;
16077.15,-23.30393176281021,81.89918168651052;;
16089.1,-23.29642567887639,79.01941394754976;;
16101.05,-23.22532559485847,77.70450262607815;;
16113,-23.45902878751374,74.25344725581822;;
16124.95,-23.43339561871329,70.36123857015464;;
16136.9,-23.39341576134188,68.10104014635881;;
16148.85,-23.60534743160398,65.72620081883026;;
16160.8,-23.88821030014716,63.78033806908765;;
16172.75,-23.95570767015849,60.40705962864229;;
16184.7,-23.74099458032149,58.19836793744426;;
16196.65,-24.05855604976594,54.27239581615457;;
16208.6,-23.95004004905098,53.04512532156491;;
16220.55,-23.9647521186761,50.52325794710671;;
16232.5,-24.18552345327958,47.0932820814275;;
16244.45,-24.30575056966823,41.93828177051221;;
16256.4,-24.29743100037366,41.27457910720554;;
16268.35,-24.84221566702793,38.06911534870645;;
16280.3,-24.6132999453926,36.47358692447361;;
16292.25,-24.58393203674177,32.34713086973028;;
16304.2,-25.00332771382582,29.12356181236821;;
16316.15,-24.75944479477921,27.58457089607448;;
16328.1,-25.14597723995256,24.64879450773643;;
16340.05,-25.46135726103864,21.32817154239332;;
16352,-25.30998994464828,18.74735251024769;;
16363.95,-25.2286337978623,17.33833250775396;;
16375.9,-25.66901342360582,11.95440660646759;;
16387.85,-25.76187620626573,10.72244474062705;;
16399.8,-25.99481020517672,8.020215400535847;;
16411.75,-26.07549467523848,4.014160052323973;;
16423.7,-26.01491496745669,1.672873031894397;;
16435.65,-26.59985914261945,0.2256410351057241;;
16447.6,-26.60067070862609,-3.744594138777188;;
16459.55,-26.7554914712323,-5.599677455242976;;
16471.5,-26.97478473201211,-8.211475689837044;;
16483.45,-27.14901639129818,-11.32042785046045;;
16495.4,-27.272283341578,-15.86275525387087;;
16507.35,-27.24151359075862,-16.31452256877026;;
16519.3,-27.62288681940767,-17.31378262005606;;
16531.25,-27.67140751781069,-22.81554152914828;;
16543.2,-27.78429599547376,-24.22444486601756;;
16555.15,-28.50163912584413,-27.04769809388464;;
16567.1,-28.38574421514356,-30.29225111801964;;
16579.05,-28.75942698892706,-31.1232465287187;;
16591,-28.85861293163009,-34.39951212324283;;
16602.95,-29.25437034218294,-37.15206282191517;;
16614.9,-29.17165976730717,-42.70033138571657;;
16626.85,-29.9155204951367,-45.61851442058341;;
16638.8,-29.89390400247309,-47.14322031203595;;
16650.75,-29.94455018730334,-49.41193299922288;;
16662.7,-30.18796951429368,-52.63142374785906;;
16674.65,-30.32220450111145,-54.06040193228569;;
16686.6,-31.00290101606705,-59.5655695086737;;
16698.55,-31.17580288191288,-61.31767889875901;;
16710.5,-31.43835744025988,-58.47742698103573;;
16722.45,-32.23596340645063,-67.98296896257762;;
16734.4,-32.52652760493747,-67.27359030145007;;
16746.35,-32.78682650821007,-70.06561471283487;;
16758.3,-33.70780160377867,-73.46667102058889;;
16770.25,-33.94000549271065,-76.62655469095415;;
16782.2,-34.54660611393261,-76.73652580620468;;
16794.15,-34.45969338426919,-82.14039885512155;;
16806.1,-35.56073367863294,-85.08077411255528;;
16818.05,-34.69400380958584,-86.98831932452363;;
16830,-36.50333406510977,-92.71838520913916;;
16841.95,-36.53753754002857,-95.9273562943568;;
16853.9,-36.80513408884068,-95.13531816645168;;
16865.85,-38.67748261020994,-98.9734938030727;;
16877.8,-39.2096478073726,-103.4728138449907;;
16889.75,-40.10477957836689,-105.1583255230472;;
16901.7,-39.78740266504748,-99.91838163578137;;
16913.65,-41.3601514449212,-106.849226916756;;
16925.6,-42.60793487277211,-108.1096341357823;;
16937.55,-46.12199663252608,-116.2617694113339;;
16949.5,-44.87631301404404,-122.7484358920686;;
16961.45,-48.51971908770734,-120.2605555073747;;
16973.4,-52.87305939413591,-128.9150469178573;;
16985.35,-58.07265729277147,-121.0822100143754;;
16997.3,-52.06471017016379,-79.20176099090415;;
17009.25,-62.04703375616152,53.97953155117085;;
17021.2,-59.49345465389359,13.34657112405846;;
17033.15,-50.1013651855165,36.81543983091705;;
17045.1,-49.14057025304491,41.12861807377691;;
17057.05,-44.46662487926779,18.13184314779212;;
17069,-44.59557045163059,21.82669870290479;;
17080.95,-42.96303579935667,33.85154916591257;;
17092.9,-42.33141855235799,18.51336562212585;;
17104.85,-41.24441282694764,17.76801395351498;;
17116.8,-39.00452225785099,19.69192078882064;;
17128.75,-38.98972351357613,8.280194589126182;;
17140.7,-37.62059211674594,19.11041085621456;;
17152.65,-37.80423088376788,14.73618845480554;;
17164.6,-36.21757889392313,2.303206118648674;;
17176.55,-36.08408407438828,1.845061793294974;;
17188.5,-35.59073129235802,7.289007570844326;;
17200.45,-34.61117008453171,-2.552141176046504;;
17212.4,-35.22318049172195,-2.386571567077155;;
17224.35,-34.05157369258164,-7.335601022452572;;
17236.3,-33.74404261657536,-8.256815410989297;;
17248.25,-33.89814445538991,-12.91446750064811;;
17260.2,-33.39045455021345,-10.97695197304551;;
17272.15,-32.4951187988481,-15.57918111551693;;
17284.1,-32.09529241053018,-21.0727053944106;;
17296.05,-31.94022329450546,-19.79582439655513;;
17308,-31.50401766650348,-24.0216524234981;;
17319.95,-31.19305513564286,-25.62623697909461;;
17331.9,-31.30573711945378,-30.06708989806555;;
17343.85,-30.42568156377048,-28.55324878703064;;
17355.8,-30.07981544877882,-34.78029223279196;;
17367.75,-30.2590087093382,-35.04923081918022;;
17379.7,-30.04772197228274,-40.79116043871932;;
17391.65,-29.1373426226857,-42.82216808294845;;
17403.6,-29.08582516382676,-46.03416357854235;;
17415.55,-28.95513059207507,-48.69863429658371;;
17427.5,-28.99308774641944,-49.02987288927095;;
17439.45,-28.81330968606991,-55.07523965909073;;
17451.4,-28.60287305574134,-56.4140874984518;;
17463.35,-28.01448576060073,-60.61510117337228;;
17475.3,-27.93576679365336,-60.75878723853359;;
17487.25,-28.16745781575122,-64.3575085854954;;
17499.2,-27.57465220929944,-68.5353853377797;;
17511.15,-27.61487195912803,-69.3436047266086;;
17523.1,-27.64615249403739,-72.78887245696373;;
17535.05,-27.31082788259006,-75.73603609106932;;
17547,-27.02128726479145,-79.27092871793691;;
17558.95,-26.77207584209742,-81.93842246380265;;
17570.9,-26.72736227911943,-81.00075244962636;;
17582.85,-26.56219642992284,-85.36255111621779;;
17594.8,-26.26766019951565,-88.4601474527509;;
17606.75,-26.47096947232759,-91.01745632423859;;
17618.7,-26.25438962210665,-94.63942811930578;;
17630.65,-25.93365319718136,-94.80642162452403;;
17642.6,-25.86570677837832,-99.52271875644989;;
17654.55,-26.01300093086772,-101.981845350408;;
17666.5,-25.57028548190832,-104.3256235857005;;
17678.45,-25.65859882816076,-107.2700759089753;;
17690.4,-25.15768925551713,-109.5793156208805;;
17702.35,-25.13292184428307,-115.2158636153553;;
17714.3,-25.10715348695133,-118.2253413198327;;
17726.25,-25.0129729916757,-118.8582429617092;;
17738.2,-24.92198117399074,-121.7758080688362;;
17750.15,-24.76105455688318,-123.8501751984058;;
17762.1,-24.61125833129131,-127.3631219554088;;
17774.05,-24.52721334078232,-131.2089184315112;;
17786,-24.54146570325117,-131.526815353864;;
17797.95,-24.61395085145134,-134.6053724874988;;
17809.9,-24.00982067735181,-138.1320350169964;;
17821.85,-23.99099672020636,-139.502192058846;;
17833.8,-24.09515382087657,-143.5158129805741;;
17845.75,-23.95754042853359,-146.5244344384864;;
17857.7,-24.07366712250337,-148.6773205574517;;
17869.65,-23.95162445025305,-151.1091855469447;;
17881.6,-23.81526896725575,-154.0460134296698;;
17893.55,-23.76927702705343,-156.674939948848;;
17905.5,-23.84327171488586,-159.5695698490176;;
17917.45,-23.69725094981356,-162.2272784392159;;
17929.4,-23.40056759701875,-165.3019627668269;;
17941.35,-23.48613710581839,-168.4604492211131;;
17953.3,-23.55593599196284,-169.9959290779956;;
17965.25,-23.46590241011118,-172.7183530827117;;
17977.2,-23.41360283479406,-175.0968509932102;;
17989.15,-23.17278263002368,-178.8865039933771;;
18001.1,-23.22186394692999,179.5076514419387;;
18013.05,-23.17436884783216,174.2921727698835;;
18025,-23.19459498858156,171.7267700907882;;
18036.95,-22.85772827974727,169.8256034309385;;
18048.9,-23.06483006381759,167.1945711346065;;
18060.85,-22.75230294795047,164.5028696413206;;
18072.8,-22.8874042997613,161.3114069982386;;
18084.75,-22.95332326744055,158.7644779874504;;
18096.7,-22.87789478829369,156.2639116292347;;
18108.65,-22.95432094140847,153.4719026103057;;
18120.6,-22.70727368608923,149.6354162997659;;
18132.55,-22.82599107037324,146.6584592304516;;
18144.5,-22.73474802298988,144.6436014694145;;
18156.45,-22.52544959909595,142.8575461041535;;
18168.4,-22.63331070209614,140.9127130903349;;
18180.35,-22.43069014225637,136.2119720494512;;
18192.3,-22.53732690015391,134.1979616023939;;
18204.25,-22.64033015070583,131.6812553361241;;
18216.2,-22.70253657715971,127.9923279622251;;
18228.15,-22.55728003981656,126.4763855508174;;
18240.1,-22.56422533359817,122.6359457675068;;
18252.05,-22.68412985863998,119.1157968838257;;
18264,-22.5392793797594,117.3179789705601;;
18275.95,-22.45820890604259,115.3937799244926;;
18287.9,-22.53358631064185,111.1083954259003;;
18299.85,-22.42523801271589,108.8852520097194;;
18311.8,-22.49765276677275,106.1019055988745;;
18323.75,-22.47661977728179,104.0640475529687;;
18335.7,-22.59953232773768,99.99975543981176;;
18347.65,-22.58133984313355,97.76447080533214;;
18359.6,-22.74949749619798,96.2473920850143;;
18371.55,-22.45498931029999,92.98122701106774;;
18383.5,-22.31617301793356,89.91293020658807;;
18395.45,-22.68619524921732,87.97871522689167;;
18407.4,-22.53359774724742,84.43570717012153;;
18419.35,-22.65705230717433,82.53919114341889;;
18431.3,-22.47053728518094,78.84543396193617;;
18443.25,-22.59778918141861,75.80217110671983;;
18455.2,-22.45138593438204,74.20918142667382;;
18467.15,-22.65142344680607,71.22867110500215;;
18479.1,-22.4584039296812,68.60362350934921;;
18491.05,-22.49505008224716,66.03037633272831;;
18503,-22.68148761426586,63.73702547686963;;
18514.95,-22.7105926187529,60.41556945272763;;
18526.9,-22.58175683645231,57.08869316537805;;
18538.85,-22.76077425506259,54.46771696103819;;
18550.8,-22.6142334532735,51.50443738617668;;
18562.75,-22.61977610894483,48.67541805776958;;
18574.7,-22.82771155066439,46.36001892766028;;
18586.65,-22.90577375571555,43.12693015486974;;
18598.6,-22.79706726776558,40.97546600671687;;
18610.55,-22.70976322404735,38.49110439408162;;
18622.5,-22.94594036733569,35.28187909428343;;
18634.45,-23.04923669436047,32.97959615413405;;
18646.4,-23.07395476181035,30.48722960656662;;
18658.35,-23.09582875282585,26.97868678205433;;
18670.3,-23.08867964695602,25.04211204094024;;
18682.25,-23.1679454315576,21.39203695329894;;
18694.2,-23.19062400833697,17.79603525982549;;
18706.15,-23.22548355164343,16.44709960127844;;
18718.1,-23.4002035659013,14.44752569350011;;
18730.05,-23.41087273551449,10.3346821798493;;
18742,-23.25431980604357,7.896112188670571;;
18753.95,-23.53107889069916,4.136080549209211;;
18765.9,-23.52944348757963,1.647203097673611;;
18777.85,-23.51002044176396,-1.198122781621883;;
18789.8,-23.83675762999413,-3.396323499075095;;
18801.75,-23.83313767842863,-4.521412085459341;;
18813.7,-23.66949195423578,-8.14202259417209;;
18825.65,-23.9985476275814,-11.64371428178716;;
18837.6,-24.01679352121434,-14.58118831579569;;
18849.55,-24.01827649329772,-16.4910517954644;;
18861.5,-24.00273280354322,-18.61456506437439;;
18873.45,-24.19589478114099,-21.5801192470274;;
18885.4,-24.14386261430113,-24.29400203940864;;
18897.35,-24.34606558353209,-27.05921936522454;;
18909.3,-24.50871856625206,-31.14871079144345;;
18921.25,-24.68898014698287,-34.00447135325768;;
18933.2,-24.63958946269634,-36.00370045616907;;
18945.15,-24.6123915018328,-39.35780197619309;;
18957.1,-24.94867898765059,-40.73337081409738;;
18969.05,-24.88491761367607,-44.6412340360495;;
18981,-24.97212062154199,-46.40769515053035;;
18992.95,-25.19207311116727,-48.36348590250587;;
19004.9,-25.37521875492108,-51.70992782161743;;
19016.85,-25.37374679865657,-53.89719581582199;;
19028.8,-25.64673049523688,-58.67150765096039;;
19040.75,-25.62946156081858,-59.66963412562394;;
19052.7,-25.6977160818327,-63.56020118200594;;
19064.65,-25.90436534970367,-66.9322884393269;;
19076.6,-26.07555691656969,-68.31173839411126;;
19088.55,-26.23276688930174,-70.72217290211998;;
19100.5,-26.34445869023066,-74.21799890556457;;
19112.45,-26.55323053806942,-76.41582200329054;;
19124.4,-26.63511377019763,-78.95166172955544;;
19136.35,-26.72380792321026,-81.06565853548432;;
19148.3,-26.88180834332629,-84.30785648566375;;
19160.25,-27.22471700005757,-88.36299094697307;;
19172.2,-27.06684171157676,-90.36330805558883;;
19184.15,-27.17296001998789,-94.32409159867424;;
19196.1,-27.62770240445875,-96.70295905486847;;
19208.05,-27.61572638232672,-98.06904270528514;;
19220,-27.75599734592101,-102.3980324647484;;
19231.95,-27.88105241286891,-103.4701352664403;;
19243.9,-28.17183898466915,-107.6017386443332;;
19255.85,-28.29880080035651,-108.6116084415043;;
19267.8,-28.72313883161504,-110.3143108783184;;
19279.75,-28.92965121397277,-116.1035330912595;;
19291.7,-28.92449610220897,-117.9002098819313;;
19303.65,-29.35956444968237,-118.5262267587844;;
19315.6,-29.44909701378677,-120.1499047609106;;
19327.55,-29.60531210378143,-125.1388932581066;;
19339.5,-30.20344320707286,-129.1154091617438;;
19351.45,-30.4602809450061,-131.0811466401189;;
19363.4,-30.16493433356043,-133.6453255532699;;
19375.35,-31.1080666852843,-137.2978569687413;;
19387.3,-31.13383444173255,-139.2561654236748;;
19399.25,-31.57634592671077,-140.7504810748736;;
19411.2,-31.50501536898868,-144.0409153974619;;
19423.15,-31.97505681113711,-146.2624592528074;;
19435.1,-32.29988564731035,-149.9622643121513;;
19447.05,-32.28957168105503,-152.7901354458016;;
19459,-33.15671188640165,-155.1069070460177;;
19470.95,-32.95355366680243,-156.6780565526469;;
19482.9,-33.0986179555881,-158.8170990308715;;
19494.85,-34.06864820849902,-165.9636070196804;;
19506.8,-33.96147976912361,-163.9714689218696;;
19518.75,-35.02789937206063,-166.7749473599851;;
19530.7,-34.89571902525878,-169.8031005631902;;
19542.65,-36.04863551467314,-173.2675595024797;;
19554.6,-35.8514248243433,-174.1068180739397;;
19566.55,-35.71149922768117,-177.8925678397264;;
19578.5,-36.92648672265229,-175.4814694402675;;
19590.45,-38.32259763243271,176.8254680374918;;
19602.4,-38.17861095086035,169.9542558153398;;
19614.35,-39.4340548754029,174.472595825553;;
19626.3,-39.87820723225597,173.0696341201404;;
19638.25,-39.47854267760412,163.926568876715;;
19650.2,-41.61693760891009,169.4967693035504;;
19662.15,-43.52544065094905,171.7717495854138;;
19674.1,-43.85816495654873,166.2036897163855;;
19686.05,-42.91064882971676,159.8471065667579;;
19698,-44.71613069992288,155.4160190270502;;
19709.95,-48.38897149095564,167.5599145292598;;
19721.9,-49.44476079511927,152.2632483789066;;
19733.85,-49.00824955939481,175.9710207372713;;
19745.8,-51.36163236661497,179.1910777453141;;
19757.75,-52.80783786169642,173.783388750998;;
19769.7,-53.75501681309874,-101.8838901517829;;
19781.65,-54.2798902994523,-77.22231317004339;;
19793.6,-52.57654086296849,-87.03159008544196;;
19805.55,-48.99014340180663,-105.6758928636728;;
19817.5,-47.50347514190623,-97.70936965215878;;
19829.45,-45.86993468524012,-75.46999154906135;;
19841.4,-44.22994491766264,-69.09503289610934;;
19853.35,-43.70970512754316,-73.98964799389555;;
19865.3,-43.65590571374605,-87.17018925718725;;
19877.25,-41.57403953621976,-86.31223616805119;;
19889.2,-41.24440415486554,-81.35720565350695;;
19901.15,-39.38003454701646,-85.37788255092995;;
19913.1,-39.69251928694742,-90.23963756269754;;
19925.05,-38.95267338835432,-87.0230405033743;;
19937,-38.52322796659554,-101.2502765176823;;
19948.95,-36.43663681455882,-94.8326969970564;;
19960.9,-37.94708285162865,-102.6645577599822;;
19972.85,-36.548022973852,-98.70696866260627;;
19984.8,-35.85070791557176,-103.8990600692423;;
19996.75,-36.15223762031951,-108.360098835676;;
20008.7,-35.23772627142942,-106.994351422723;;
20020.65,-35.12114500169745,-108.9607573042113;;
20032.6,-35.46019241896295,-114.8770155509743;;
20044.55,-34.57589285630957,-114.2418483928746;;
20056.5,-34.13347664034362,-119.5015323861328;;
20068.45,-33.71316334175047,-124.1784519671618;;
20080.4,-33.38284756981544,-124.2231463589702;;
20092.35,-32.82371249642569,-130.8077019364057;;
20104.3,-32.96646377594075,-128.5467267428509;;
20116.25,-32.2744935175094,-135.0332394592645;;
20128.2,-32.7715624363798,-135.8043687447401;;
20140.15,-32.19765374250476,-136.4345379640243;;
20152.1,-31.8706171254177,-139.2015102942864;;
20164.05,-31.98382205406915,-143.7397388532866;;
20176,-31.47642389275376,-145.3327427978516;;
20187.95,-31.18856451541092,-147.8647820765691;;
20199.9,-31.09301455649992,-150.0494937812584;;
20211.85,-30.75943726923276,-154.2740847189137;;
20223.8,-30.43005962795034,-156.6275514999392;;
20235.75,-30.16737779667272,-159.4026199958469;;
20247.7,-30.42079671686836,-161.9271842461721;;
20259.65,-30.23550714501827,-164.4927257881045;;
20271.6,-29.72987227103478,-167.4272671184858;;
20283.55,-29.99786726309143,-171.5865620078908;;
20295.5,-29.80395072530894,-171.9613350532675;;
20307.45,-29.50173901899379,-177.1504886910299;;
20319.4,-29.34044936603842,-178.2629830297122;;
20331.35,-29.28903459352725,179.5758683505044;;
20343.3,-29.22148899280758,176.451478880025;;
20355.25,-29.36900845030063,174.3240219022697;;
20367.2,-28.95423738047209,170.1867313206633;;
20379.15,-28.78756925847106,167.3566518396975;;
20391.1,-28.72495681160312,165.4513826998733;;
20403.05,-28.38213093116075,162.2046621456633;;
20415,-28.49679609016401,159.6693102584528;;
20426.95,-28.42109602783513,156.5082922213065;;
20438.9,-28.19448461891545,154.6131993444327;;
20450.85,-28.23015201456712,152.348766191514;;
20462.8,-28.03685050120244,148.4214650872267;;
20474.75,-27.84780488737049,145.9003881441406;;
20486.7,-28.15024315818458,143.7255996877419;;
20498.65,-27.81801468023292,141.1392938081998;;
20510.6,-27.88965834626854,138.2439490496656;;
20522.55,-27.66461217394347,135.082548969006;;
20534.5,-27.61796447970725,132.5716598268963;;
20546.45,-27.72519408810341,131.3763532005274;;
20558.4,-27.58680568601878,127.9850765017391;;
20570.35,-27.46186498390702,124.3997245631124;;
20582.3,-27.28962836515608,122.1377647661917;;
20594.25,-27.34621858284451,119.5373857359399;;
20606.2,-27.21985419749559,116.1921212114435;;
20618.15,-27.1546528400623,113.9208491137741;;
20630.1,-27.20550439250624,111.8360726919325;;
20642.05,-27.02650914369816,108.4350576516255;;
20654,-27.13215710295679,104.8649927894685;;
20665.95,-26.95792842789821,102.8357280935268;;
20677.9,-27.0096318135535,100.7669567515403;;
20689.85,-26.98727034152996,96.77381080803215;;
20701.8,-26.83088636248172,94.88634036967399;;
20713.75,-26.8143477444921,92.16078356282566;;
20725.7,-26.96585370456791,89.19047414197831;;
20737.65,-26.9518019716325,86.73698340098396;;
20749.6,-26.8392186946854,83.11907294566754;;
20761.55,-26.80606512319132,81.61780916974054;;
20773.5,-26.67334602767333,78.16659040139919;;
20785.45,-26.66132057151224,75.46510000278079;;
20797.4,-26.65282590653687,72.32382825201785;;
20809.35,-26.66929162275645,70.96290966906327;;
20821.3,-26.78053653592338,67.77260469459222;;
20833.25,-26.68474070730269,64.96694746477289;;
20845.2,-26.53717373870527,62.42961875500943;;
20857.15,-26.64354186093352,58.93841755239018;;
20869.1,-26.71013840904017,56.15293348191872;;
20881.05,-26.74021673692586,52.97259459408748;;
20893,-26.69543383603603,50.59019511475795;;
20904.95,-26.59728831535091,48.3904465841602;;
20916.9,-26.57929614033329,45.47701648256687;;
20928.85,-26.73953229649936,42.72216692662857;;
20940.8,-26.67521231314151,40.14587202470129;;
20952.75,-26.62997388554572,37.98269528897761;;
20964.7,-26.61724692799398,33.88477093991708;;
20976.65,-26.7113197992412,31.48413864454782;;
20988.6,-26.65746018027193,28.92860631322229;;
21000.55,-26.77499991546896,27.47694196757607;;
21012.5,-26.75673939419298,24.8036429354346;;
21024.45,-26.92424564143172,21.4617450814114;;
21036.4,-26.81779101683897,19.64956880869786;;
21048.35,-26.90826528830135,14.9095490418003;;
21060.3,-26.88198921245021,12.1996578422679;;
21072.25,-26.89350746667579,10.06097134260544;;
21084.2,-26.79829195591592,8.583344571361494;;
21096.15,-26.9711047731582,4.523335998664294;;
21108.1,-26.70362611978294,1.857093381547161;;
21120.05,-27.01542065350306,-1.119583249861293;;
21132,-27.13357911632255,-2.888121506978322;;
21143.95,-27.08866178171261,-5.766321117989593;;
21155.9,-27.06009903884019,-9.384550705876499;;
21167.85,-27.04998784904921,-12.03553652377906;;
21179.8,-27.23679673493528,-15.86925758301338;;
21191.75,-27.16872710738821,-16.99960758193473;;
21203.7,-27.38702912437978,-21.37385776118195;;
21215.65,-27.27285070213986,-22.13576876719839;;
21227.6,-27.38727447517517,-25.58675648151083;;
21239.55,-27.46934014875241,-28.40999195632701;;
21251.5,-27.4687543529439,-30.89143695773237;;
21263.45,-27.43547595135686,-32.86123427562261;;
21275.4,-27.5255321051866,-37.15288768508865;;
21287.35,-27.89967647622467,-38.87833280136211;;
21299.3,-27.75225217777212,-41.50678384943672;;
21311.25,-27.89416519352187,-44.17456962107883;;
21323.2,-27.96880464204066,-46.11405541310522;;
21335.15,-27.91516650696861,-48.54804430608638;;
21347.1,-27.94588773113757,-53.12235972537449;;
21359.05,-28.01478399729202,-55.74650754459866;;
21371,-28.09494453839686,-57.5347192885188;;
21382.95,-28.17163022599532,-60.54925666811846;;
21394.9,-28.27625707353446,-63.31316267579906;;
21406.85,-28.38874430980638,-66.78286689095947;;
21418.8,-28.52291631248166,-68.47527541664005;;
21430.75,-28.52435509141077,-71.91499628468166;;
21442.7,-28.62405635667949,-73.73613982571646;;
21454.65,-28.82546777704918,-77.74309043869459;;
21466.6,-28.97492303526641,-78.66532032188331;;
21478.55,-28.71704657562948,-82.29154448998555;;
21490.5,-29.03725613335959,-85.97237606143347;;
21502.45,-29.15500778550744,-87.51745443417093;;
21514.4,-29.07520871732933,-90.61549432113479;;
21526.35,-29.2732906835195,-92.90930674992477;;
21538.3,-29.40592000842996,-95.86843649379716;;
21550.25,-29.54359744475793,-99.95391922087083;;
21562.2,-29.73913845337914,-102.3349929243826;;
21574.15,-29.77093650838329,-102.7109686243462;;
21586.1,-29.80021429241909,-107.1039595812658;;
21598.05,-29.73420570926144,-110.4403195896092;;
21610,-30.11007721793231,-113.4080966009531;;
21621.95,-29.92424778242379,-114.5644796996645;;
21633.9,-30.15786753399357,-118.1333121460374;;
21645.85,-30.36800548220009,-120.4453667839872;;
21657.8,-30.33503536683933,-123.6632025362438;;
21669.75,-30.47067768978948,-125.6506484020009;;
21681.7,-30.68519777055823,-129.6876840300247;;
21693.65,-30.8517010501994,-131.4241507506552;;
21705.6,-30.85872428048828,-134.9703908640598;;
21717.55,-31.17829496447953,-136.9574011863106;;
21729.5,-31.20814339354525,-139.8050412594727;;
21741.45,-31.20141139483496,-140.4220506637347;;
21753.4,-31.59663076551105,-144.7726140742845;;
21765.35,-31.72982720964217,-147.7457569384193;;
21777.3,-31.87094964154561,-149.8910739317076;;
21789.25,-32.07380009869341,-152.3296229165808;;
21801.2,-32.05730532277125,-156.3663554727625;;
21813.15,-32.50675582688017,-157.8785901409177;;
21825.1,-32.43931638927382,-162.0168609323781;;
21837.05,-32.54762086394042,-164.0653749209907;;
21849,-32.62332925863335,-167.7386978796916;;
21860.95,-33.13854019980562,-170.5488310267499;;
21872.9,-33.13648018329059,-174.022191314355;;
21884.85,-33.13730059795223,-175.983791069423;;
21896.8,-33.79540123691245,-176.5324785562982;;
21908.75,-33.72309749213889,179.890404086824;;
21920.7,-33.76440530051701,175.9608998299803;;
21932.65,-33.82751551596225,175.5652190772168;;
21944.6,-34.51706826882651,171.3978972088929;;
21956.55,-34.30333538693314,168.2884950250391;;
21968.5,-34.50309854772433,164.7865412915384;;
21980.45,-34.76610546162518,164.4096856434821;;
21992.4,-35.08109197276832,160.8862481141574;;
22004.35,-34.98253525371586,156.7822884333982;;
22016.3,-35.41211375834153,154.4503506940265;;
22028.25,-35.46014723988863,150.2554232794671;;
22040.2,-36.02549519068198,151.8335165033169;;
22052.15,-35.97216501232959,145.9564774858351;;
22064.1,-36.82274179539353,144.9520307134083;;
22076.05,-36.47897941546981,140.6852426588163;;
22088,-36.85553922055584,137.9721266048796;;
22099.95,-37.28634647171396,134.9970790383202;;
22111.9,-37.6302283606227,134.4609744531719;;
22123.85,-37.62526428903521,128.8661510010543;;
22135.8,-37.99660049297642,128.0956541702068;;
22147.75,-38.19786924985281,124.989221096941;;
22159.7,-38.42352991955379,121.2956517107408;;
22171.65,-39.34634919257883,117.3091231271594;;
22183.6,-38.59485032120857,119.2463705775141;;
22195.55,-39.31229152791438,115.8391593837477;;
22207.5,-39.79460030656193,112.9991857644261;;
22219.45,-40.7158719247935,111.143165156629;;
22231.4,-40.67027554375386,109.1138612362691;;
22243.35,-40.67463704203518,101.5319199456138;;
22255.3,-41.39854065938436,106.9052837859618;;
22267.25,-41.94639140829619,102.8086277625727;;
22279.2,-41.57637858051451,97.59611813037139;;
22291.15,-42.51107374300884,100.6002144395254;;
22303.1,-43.70438089119016,82.74406044106262;;
22315.05,-42.96974566297474,85.55815969959284;;
22327,-44.14130152181737,88.27563908658233;;
22338.95,-43.21689473414945,80.88225718119492;;
22350.9,-44.46876135322596,79.88588657563612;;
22362.85,-44.67513188252795,84.54619820561703;;
22374.8,-46.91867734205738,81.70944012925736;;
22386.75,-46.99389793608006,75.16065109041563;;
22398.7,-45.84572087543803,70.15410174102607;;
22410.65,-47.92244235861033,65.70960357466637;;
22422.6,-48.2729666507226,63.91003091179113;;
22434.55,-47.24684065788593,74.09579812112744;;
22446.5,-50.12888853132675,60.99147699010715;;
22458.45,-50.62774202677011,66.54937139340167;;
22470.4,-50.54556120660169,60.71163064007381;;
22482.35,-54.32361635938694,53.93784510130313;;
22494.3,-55.06511859294168,47.56792681214469;;
22506.25,-54.7251108049002,55.56955861535516;;
22518.2,-55.16057413003065,44.51664436699329;;
22530.15,-60.83934064343266,48.66780560584162;;
22542.1,-57.04890111684562,68.18766492858714;;
22554.05,-67.04269630658234,58.41980544592391;;
22566,-66.56211199721339,143.7775874409542;;
22577.95,-56.7107566407245,90.21925783054215;;
22589.9,-59.8861551316778,131.6522944122964;;
22601.85,-60.69479459972966,147.7792566614442;;
22613.8,-61.5904436378672,125.8593267000135;;
22625.75,-54.19878128835491,147.767432321325;;
22637.7,-57.82837927324824,145.4843162914659;;
22649.65,-53.76046220715327,147.4396624885881;;
22661.6,-64.44861187225494,-175.0121326841734;;
22673.55,-58.22814494074816,168.4275746726606;;
22685.5,-53.78092676996353,158.5969971599123;;
22697.45,-49.82156335801196,162.7492639044644;;
22709.4,-52.85232742121206,168.5012991133887;;
22721.35,-50.7242744396385,169.1852341797861;;
22733.3,-49.40383887137278,146.7572740803832;;
22745.25,-50.79953722099024,155.460031739126;;
22757.2,-49.20051184797727,127.8248990602201;;
22769.15,-47.1725741993309,152.1789319642828;;
22781.1,-48.67267036874287,159.0503392049793;;
22793.05,-46.48687177927379,156.2576973753258;;
22805,-46.50818669808086,139.2148504860714;;
22816.95,-49.47844147134042,140.6413142161586;;
22828.9,-47.58910494644215,129.3074741016168;;
22840.85,-49.11553135292361,146.2990347156596;;
22852.8,-47.42407888221741,127.7862415156084;;
22864.75,-47.08422620366719,124.6599037972179;;
22876.7,-44.0095466772906,134.6342765165202;;
22888.65,-47.15318353522274,125.372917372013;;
22900.6,-45.7488671349244,108.6242872096743;;
22912.55,-45.06863547767684,140.3880073725609;;
22924.5,-47.32011102116221,119.2033969519236;;
22936.45,-43.88018214899741,119.9516403353961;;
22948.4,-44.30581506082043,97.86322638393399;;
22960.35,-43.61100205811036,122.386412929114;;
22972.3,-45.91687597033431,115.5022441976517;;
22984.25,-45.50599805549473,96.44960706937422;;
22996.2,-45.78018263349353,91.42063398823825;;
23008.15,-45.38766391073874,95.86002088207368;;
23020.1,-47.19991154335973,96.90257455872521;;
23032.05,-44.94256490934796,75.85296627191912;;
23044,-43.3949954971417,107.9518736203441;;
23055.95,-41.20477736051467,102.9429104074974;;
23067.9,-41.85053889280454,75.19506649192391;;
23079.85,-42.59869360043269,103.4646894834777;;
23091.8,-41.82749970121826,93.52765149796988;;
23103.75,-40.64224958186181,73.27560740369195;;
23115.7,-46.0070630567889,64.92175146827653;;
23127.65,-45.45019878548871,61.57243941836719;;
23139.6,-40.5729048713399,65.48071903074411;;
23151.55,-44.94626205761741,54.16199786812767;;
23163.5,-41.70991021515561,46.62759410241288;;
23175.45,-39.98261108044751,62.66885902808548;;
23187.4,-40.16727429041612,61.38425656946886;;
23199.35,-41.31944076104475,77.56210870307666;;
23211.3,-41.34037242982019,36.32096372879985;;
23223.25,-39.61620191972801,50.50950839075752;;
23235.2,-45.91066398604262,54.32055798469907;;
23247.15,-40.0253910896146,57.21409874104844;;
23259.1,-42.30062365135701,65.91784586696714;;
23271.05,-40.55261991646525,27.09279600963021;;
23283,-39.96441848022882,34.84784160622551;;
23294.95,-45.51770866916131,33.80660105728467;;
23306.9,-39.36572851470675,46.85721531024385;;
23318.85,-39.70932969629085,33.81735472648764;;
23330.8,-39.31068977470414,17.64056696436913;;
23342.75,-43.85794948661547,2.149597302449195;;
23354.7,-42.09311945670678,4.147688653032162;;
23366.65,-41.29556448315319,-1.886018872671627;;
23378.6,-39.39779611886077,7.625963078901222;;
23390.55,-39.59535056428295,3.349291290933095;;
23402.5,-38.81503019858298,18.6063190505328;;
23414.45,-38.96572521801413,6.318920830469949;;
23426.4,-39.39658542979389,-13.18974355213454;;
23438.35,-39.56275842290974,-0.09715892825667538;;
23450.3,-44.83167126676655,-24.64537307534658;;
23462.25,-39.1610671239525,8.352387719563282;;
23474.2,-39.61641489442794,11.84351494052125;;
23486.15,-46.90989044676979,14.5605628755107;;
23498.1,-38.5184282005008,-1.65168863182544;;
23510.05,-48.12874547979796,-15.16907757330455;;
23522,-44.33120968324778,-41.80702839733135;;
23533.95,-49.14987544329047,-6.806021237372988;;
23545.9,-48.69078139164395,-12.90902974411526;;
23557.85,-38.22115850951703,-20.23302675199787;;
23569.8,-45.46765105207449,6.74476320599598;;
23581.75,-47.34843155535108,-54.02593726309395;;
23593.7,-40.36178553436068,-56.35341466476608;;
23605.65,-40.91744668898559,-58.19912136963156;;
23617.6,-43.33156004873329,-0.03674976701616117;;
23629.55,-45.12623566169316,-76.59459279754789;;
23641.5,-40.37011313996607,-67.740853999292;;
23653.45,-43.97152087416976,-79.72042326425564;;
23665.4,-43.84147513608718,-87.00031071032225;;
23677.35,-42.12252490966297,-81.22640471091836;;
23689.3,-41.2058439132899,-82.866097484931;;
23701.25,-45.40630306489752,-96.74008884557657;;
23713.2,-43.34542688906656,-15.59585042178976;;
23725.15,-38.97384570797177,-75.75923863572558;;
23737.1,-38.83680515811498,-60.7248721772281;;
23749.05,-52.96264725772529,-84.52799277074726;;
23761,-47.12609032249957,-17.01971775786382;;
23772.95,-40.12293864286352,-100.8206633544694;;
23784.9,-38.81663322352586,-70.93947798526142;;
23796.85,-58.32679361225785,-82.11568627691719;;
23808.8,-40.59960582202479,-47.46891315364147;;
23820.75,-43.92579188972601,-127.8668097569951;;
23832.7,-50.12238700126825,-38.97180123595486;;
23844.65,-39.26522906902007,-82.65231978983292;;
23856.6,-66.56837599903658,-134.9632519998747;;
23868.55,-53.89460294742839,-29.93872720780166;;
23880.5,-39.18445575802575,-100.4223811232779;;
23892.45,-43.27340465152992,-48.65295487489115;;
23904.4,-39.47406561450649,-105.9740283071741;;
23916.35,-47.68850269118744,-31.51095918527189;;
23928.3,-47.80070887541932,-165.179457506038;;
23940.25,-41.25546973780794,-77.96201041970831;;
23952.2,-40.80743329507208,-77.7995330913314;;
23964.15,-48.48699629811328,-49.80226332640716;;
23976.1,-44.39881999304509,-59.91261672490449;;
23988.05,-43.2317287659259,-170.5870703007773;;
24000,-40.8449390210418,-89.20055663585964;;
